ISO-10303-21;
HEADER;
FILE_DESCRIPTION(('FreeCAD Model'),'2;1');
FILE_NAME('Open CASCADE Shape Model','2026-09-26T20:45:20',('Author'),(
    ''),'Open CASCADE STEP processor 7.8','FreeCAD','Unknown');
FILE_SCHEMA(('AUTOMOTIVE_DESIGN { 1 0 10303 214 1 1 1 1 }'));
ENDSEC;
DATA;
#1 = APPLICATION_PROTOCOL_DEFINITION('international standard',
  'automotive_design',2000,#2);
#2 = APPLICATION_CONTEXT(
  'core data for automotive mechanical design processes');
#3 = SHAPE_DEFINITION_REPRESENTATION(#4,#10);
#4 = PRODUCT_DEFINITION_SHAPE('','',#5);
#5 = PRODUCT_DEFINITION('design','',#6,#9);
#6 = PRODUCT_DEFINITION_FORMATION('','',#7);
#7 = PRODUCT('Body','Body','',(#8));
#8 = PRODUCT_CONTEXT('',#2,'mechanical');
#9 = PRODUCT_DEFINITION_CONTEXT('part definition',#2,'design');
#10 = ADVANCED_BREP_SHAPE_REPRESENTATION('',(#11,#15),#2837);
#11 = AXIS2_PLACEMENT_3D('',#12,#13,#14);
#12 = CARTESIAN_POINT('',(0.,0.,0.));
#13 = DIRECTION('',(0.,0.,1.));
#14 = DIRECTION('',(1.,0.,-0.));
#15 = MANIFOLD_SOLID_BREP('',#16);
#16 = CLOSED_SHELL('',(#17,#57,#90,#123,#156,#189,#206,#237,#254,#271,
    #302,#333,#350,#415,#433,#533,#545,#557,#569,#600,#624,#648,#665,
    #860,#916,#1107,#1131,#1155,#1185,#1225,#1242,#1428,#1452,#1476,
    #1507,#1538,#1555,#1589,#1613,#1645,#1680,#1724,#1741,#1772,#1807,
    #1831,#1848,#1879,#1903,#1927,#1944,#1968,#2024,#2041,#2065,#2089,
    #2106,#2123,#2147,#2171,#2202,#2233,#2250,#2267,#2295,#2312,#2329,
    #2341,#2358,#2375,#2393,#2410,#2428,#2440,#2452,#2469,#2487,#2504,
    #2522,#2534,#2565,#2589,#2613,#2630,#2642,#2654,#2679,#2691,#2716,
    #2728,#2753,#2776,#2785,#2794,#2803,#2828));
#17 = ADVANCED_FACE('',(#18),#52,.T.);
#18 = FACE_BOUND('',#19,.T.);
#19 = EDGE_LOOP('',(#20,#30,#38,#46));
#20 = ORIENTED_EDGE('',*,*,#21,.F.);
#21 = EDGE_CURVE('',#22,#24,#26,.T.);
#22 = VERTEX_POINT('',#23);
#23 = CARTESIAN_POINT('',(-2.22044604925E-16,1.5,1.5));
#24 = VERTEX_POINT('',#25);
#25 = CARTESIAN_POINT('',(-2.22044604925E-16,78.5,1.5));
#26 = LINE('',#27,#28);
#27 = CARTESIAN_POINT('',(-2.22044604925E-16,1.5,1.5));
#28 = VECTOR('',#29,1.);
#29 = DIRECTION('',(0.,1.,0.));
#30 = ORIENTED_EDGE('',*,*,#31,.F.);
#31 = EDGE_CURVE('',#32,#22,#34,.T.);
#32 = VERTEX_POINT('',#33);
#33 = CARTESIAN_POINT('',(-2.22044604925E-16,1.5,84.5));
#34 = LINE('',#35,#36);
#35 = CARTESIAN_POINT('',(-2.22044604925E-16,1.5,84.5));
#36 = VECTOR('',#37,1.);
#37 = DIRECTION('',(0.,0.,-1.));
#38 = ORIENTED_EDGE('',*,*,#39,.F.);
#39 = EDGE_CURVE('',#40,#32,#42,.T.);
#40 = VERTEX_POINT('',#41);
#41 = CARTESIAN_POINT('',(-2.22044604925E-16,78.5,84.5));
#42 = LINE('',#43,#44);
#43 = CARTESIAN_POINT('',(-2.22044604925E-16,78.5,84.5));
#44 = VECTOR('',#45,1.);
#45 = DIRECTION('',(0.,-1.,0.));
#46 = ORIENTED_EDGE('',*,*,#47,.F.);
#47 = EDGE_CURVE('',#24,#40,#48,.T.);
#48 = LINE('',#49,#50);
#49 = CARTESIAN_POINT('',(-2.22044604925E-16,78.5,1.5));
#50 = VECTOR('',#51,1.);
#51 = DIRECTION('',(0.,0.,1.));
#52 = PLANE('',#53);
#53 = AXIS2_PLACEMENT_3D('',#54,#55,#56);
#54 = CARTESIAN_POINT('',(0.,40.,43.));
#55 = DIRECTION('',(-1.,-0.,-0.));
#56 = DIRECTION('',(0.,0.,-1.));
#57 = ADVANCED_FACE('',(#58),#85,.T.);
#58 = FACE_BOUND('',#59,.F.);
#59 = EDGE_LOOP('',(#60,#69,#77,#84));
#60 = ORIENTED_EDGE('',*,*,#61,.T.);
#61 = EDGE_CURVE('',#22,#62,#64,.T.);
#62 = VERTEX_POINT('',#63);
#63 = CARTESIAN_POINT('',(1.5,1.5,-2.22044604925E-16));
#64 = CIRCLE('',#65,1.5);
#65 = AXIS2_PLACEMENT_3D('',#66,#67,#68);
#66 = CARTESIAN_POINT('',(1.5,1.5,1.5));
#67 = DIRECTION('',(-0.,-1.,-0.));
#68 = DIRECTION('',(-1.,0.,0.));
#69 = ORIENTED_EDGE('',*,*,#70,.T.);
#70 = EDGE_CURVE('',#62,#71,#73,.T.);
#71 = VERTEX_POINT('',#72);
#72 = CARTESIAN_POINT('',(1.5,78.5,-2.22044604925E-16));
#73 = LINE('',#74,#75);
#74 = CARTESIAN_POINT('',(1.5,1.5,-2.22044604925E-16));
#75 = VECTOR('',#76,1.);
#76 = DIRECTION('',(0.,1.,0.));
#77 = ORIENTED_EDGE('',*,*,#78,.F.);
#78 = EDGE_CURVE('',#24,#71,#79,.T.);
#79 = CIRCLE('',#80,1.5);
#80 = AXIS2_PLACEMENT_3D('',#81,#82,#83);
#81 = CARTESIAN_POINT('',(1.5,78.5,1.5));
#82 = DIRECTION('',(-0.,-1.,-0.));
#83 = DIRECTION('',(-1.,0.,0.));
#84 = ORIENTED_EDGE('',*,*,#21,.F.);
#85 = CYLINDRICAL_SURFACE('',#86,1.5);
#86 = AXIS2_PLACEMENT_3D('',#87,#88,#89);
#87 = CARTESIAN_POINT('',(1.5,1.5,1.5));
#88 = DIRECTION('',(0.,1.,0.));
#89 = DIRECTION('',(-1.,0.,0.));
#90 = ADVANCED_FACE('',(#91),#118,.T.);
#91 = FACE_BOUND('',#92,.F.);
#92 = EDGE_LOOP('',(#93,#102,#110,#117));
#93 = ORIENTED_EDGE('',*,*,#94,.T.);
#94 = EDGE_CURVE('',#32,#95,#97,.T.);
#95 = VERTEX_POINT('',#96);
#96 = CARTESIAN_POINT('',(1.5,0.,84.5));
#97 = CIRCLE('',#98,1.5);
#98 = AXIS2_PLACEMENT_3D('',#99,#100,#101);
#99 = CARTESIAN_POINT('',(1.5,1.5,84.5));
#100 = DIRECTION('',(0.,-8.679739665932E-17,1.));
#101 = DIRECTION('',(0.,-1.,-8.679739665932E-17));
#102 = ORIENTED_EDGE('',*,*,#103,.T.);
#103 = EDGE_CURVE('',#95,#104,#106,.T.);
#104 = VERTEX_POINT('',#105);
#105 = CARTESIAN_POINT('',(1.5,-2.22044604925E-16,1.5));
#106 = LINE('',#107,#108);
#107 = CARTESIAN_POINT('',(1.5,-2.22044604925E-16,84.5));
#108 = VECTOR('',#109,1.);
#109 = DIRECTION('',(0.,0.,-1.));
#110 = ORIENTED_EDGE('',*,*,#111,.F.);
#111 = EDGE_CURVE('',#22,#104,#112,.T.);
#112 = CIRCLE('',#113,1.5);
#113 = AXIS2_PLACEMENT_3D('',#114,#115,#116);
#114 = CARTESIAN_POINT('',(1.5,1.5,1.5));
#115 = DIRECTION('',(0.,0.,1.));
#116 = DIRECTION('',(-1.,0.,0.));
#117 = ORIENTED_EDGE('',*,*,#31,.F.);
#118 = CYLINDRICAL_SURFACE('',#119,1.5);
#119 = AXIS2_PLACEMENT_3D('',#120,#121,#122);
#120 = CARTESIAN_POINT('',(1.5,1.5,84.5));
#121 = DIRECTION('',(0.,0.,-1.));
#122 = DIRECTION('',(-1.,-0.,-0.));
#123 = ADVANCED_FACE('',(#124),#151,.T.);
#124 = FACE_BOUND('',#125,.F.);
#125 = EDGE_LOOP('',(#126,#135,#143,#150));
#126 = ORIENTED_EDGE('',*,*,#127,.T.);
#127 = EDGE_CURVE('',#24,#128,#130,.T.);
#128 = VERTEX_POINT('',#129);
#129 = CARTESIAN_POINT('',(1.5,80.,1.5));
#130 = CIRCLE('',#131,1.5);
#131 = AXIS2_PLACEMENT_3D('',#132,#133,#134);
#132 = CARTESIAN_POINT('',(1.5,78.5,1.5));
#133 = DIRECTION('',(0.,-6.123233995737E-17,-1.));
#134 = DIRECTION('',(0.,1.,-6.123233995737E-17));
#135 = ORIENTED_EDGE('',*,*,#136,.T.);
#136 = EDGE_CURVE('',#128,#137,#139,.T.);
#137 = VERTEX_POINT('',#138);
#138 = CARTESIAN_POINT('',(1.5,80.,84.5));
#139 = LINE('',#140,#141);
#140 = CARTESIAN_POINT('',(1.5,80.,1.5));
#141 = VECTOR('',#142,1.);
#142 = DIRECTION('',(0.,0.,1.));
#143 = ORIENTED_EDGE('',*,*,#144,.F.);
#144 = EDGE_CURVE('',#40,#137,#145,.T.);
#145 = CIRCLE('',#146,1.5);
#146 = AXIS2_PLACEMENT_3D('',#147,#148,#149);
#147 = CARTESIAN_POINT('',(1.5,78.5,84.5));
#148 = DIRECTION('',(0.,0.,-1.));
#149 = DIRECTION('',(-1.,0.,0.));
#150 = ORIENTED_EDGE('',*,*,#47,.F.);
#151 = CYLINDRICAL_SURFACE('',#152,1.5);
#152 = AXIS2_PLACEMENT_3D('',#153,#154,#155);
#153 = CARTESIAN_POINT('',(1.5,78.5,1.5));
#154 = DIRECTION('',(0.,0.,1.));
#155 = DIRECTION('',(-1.,0.,0.));
#156 = ADVANCED_FACE('',(#157),#184,.T.);
#157 = FACE_BOUND('',#158,.F.);
#158 = EDGE_LOOP('',(#159,#168,#176,#183));
#159 = ORIENTED_EDGE('',*,*,#160,.T.);
#160 = EDGE_CURVE('',#40,#161,#163,.T.);
#161 = VERTEX_POINT('',#162);
#162 = CARTESIAN_POINT('',(1.5,78.5,86.));
#163 = CIRCLE('',#164,1.5);
#164 = AXIS2_PLACEMENT_3D('',#165,#166,#167);
#165 = CARTESIAN_POINT('',(1.5,78.5,84.5));
#166 = DIRECTION('',(0.,1.,-6.123233995737E-17));
#167 = DIRECTION('',(0.,6.123233995737E-17,1.));
#168 = ORIENTED_EDGE('',*,*,#169,.T.);
#169 = EDGE_CURVE('',#161,#170,#172,.T.);
#170 = VERTEX_POINT('',#171);
#171 = CARTESIAN_POINT('',(1.5,1.5,86.));
#172 = LINE('',#173,#174);
#173 = CARTESIAN_POINT('',(1.5,78.5,86.));
#174 = VECTOR('',#175,1.);
#175 = DIRECTION('',(0.,-1.,0.));
#176 = ORIENTED_EDGE('',*,*,#177,.F.);
#177 = EDGE_CURVE('',#32,#170,#178,.T.);
#178 = CIRCLE('',#179,1.5);
#179 = AXIS2_PLACEMENT_3D('',#180,#181,#182);
#180 = CARTESIAN_POINT('',(1.5,1.5,84.5));
#181 = DIRECTION('',(0.,1.,-0.));
#182 = DIRECTION('',(-1.,0.,0.));
#183 = ORIENTED_EDGE('',*,*,#39,.F.);
#184 = CYLINDRICAL_SURFACE('',#185,1.5);
#185 = AXIS2_PLACEMENT_3D('',#186,#187,#188);
#186 = CARTESIAN_POINT('',(1.5,78.5,84.5));
#187 = DIRECTION('',(0.,-1.,0.));
#188 = DIRECTION('',(-1.,0.,0.));
#189 = ADVANCED_FACE('',(#190),#201,.T.);
#190 = FACE_BOUND('',#191,.T.);
#191 = EDGE_LOOP('',(#192,#193,#194));
#192 = ORIENTED_EDGE('',*,*,#111,.F.);
#193 = ORIENTED_EDGE('',*,*,#61,.T.);
#194 = ORIENTED_EDGE('',*,*,#195,.F.);
#195 = EDGE_CURVE('',#104,#62,#196,.T.);
#196 = CIRCLE('',#197,1.5);
#197 = AXIS2_PLACEMENT_3D('',#198,#199,#200);
#198 = CARTESIAN_POINT('',(1.5,1.5,1.5));
#199 = DIRECTION('',(1.,0.,0.));
#200 = DIRECTION('',(0.,-1.,-1.480297366167E-16));
#201 = SPHERICAL_SURFACE('',#202,1.5);
#202 = AXIS2_PLACEMENT_3D('',#203,#204,#205);
#203 = CARTESIAN_POINT('',(1.5,1.5,1.5));
#204 = DIRECTION('',(1.,0.,0.));
#205 = DIRECTION('',(0.,-1.,-1.480297366167E-16));
#206 = ADVANCED_FACE('',(#207),#232,.F.);
#207 = FACE_BOUND('',#208,.F.);
#208 = EDGE_LOOP('',(#209,#217,#225,#231));
#209 = ORIENTED_EDGE('',*,*,#210,.T.);
#210 = EDGE_CURVE('',#62,#211,#213,.T.);
#211 = VERTEX_POINT('',#212);
#212 = CARTESIAN_POINT('',(60.,1.5,-2.22044604925E-16));
#213 = LINE('',#214,#215);
#214 = CARTESIAN_POINT('',(0.,1.5,-2.22044604925E-16));
#215 = VECTOR('',#216,1.);
#216 = DIRECTION('',(1.,0.,0.));
#217 = ORIENTED_EDGE('',*,*,#218,.T.);
#218 = EDGE_CURVE('',#211,#219,#221,.T.);
#219 = VERTEX_POINT('',#220);
#220 = CARTESIAN_POINT('',(60.,78.5,-2.22044604925E-16));
#221 = LINE('',#222,#223);
#222 = CARTESIAN_POINT('',(60.,0.,0.));
#223 = VECTOR('',#224,1.);
#224 = DIRECTION('',(0.,1.,0.));
#225 = ORIENTED_EDGE('',*,*,#226,.F.);
#226 = EDGE_CURVE('',#71,#219,#227,.T.);
#227 = LINE('',#228,#229);
#228 = CARTESIAN_POINT('',(0.,78.5,-2.22044604925E-16));
#229 = VECTOR('',#230,1.);
#230 = DIRECTION('',(1.,0.,0.));
#231 = ORIENTED_EDGE('',*,*,#70,.F.);
#232 = PLANE('',#233);
#233 = AXIS2_PLACEMENT_3D('',#234,#235,#236);
#234 = CARTESIAN_POINT('',(0.,0.,0.));
#235 = DIRECTION('',(0.,0.,1.));
#236 = DIRECTION('',(0.,1.,0.));
#237 = ADVANCED_FACE('',(#238),#249,.T.);
#238 = FACE_BOUND('',#239,.T.);
#239 = EDGE_LOOP('',(#240,#241,#242));
#240 = ORIENTED_EDGE('',*,*,#78,.F.);
#241 = ORIENTED_EDGE('',*,*,#127,.T.);
#242 = ORIENTED_EDGE('',*,*,#243,.F.);
#243 = EDGE_CURVE('',#71,#128,#244,.T.);
#244 = CIRCLE('',#245,1.5);
#245 = AXIS2_PLACEMENT_3D('',#246,#247,#248);
#246 = CARTESIAN_POINT('',(1.5,78.5,1.5));
#247 = DIRECTION('',(1.,-0.,0.));
#248 = DIRECTION('',(0.,0.,-1.));
#249 = SPHERICAL_SURFACE('',#250,1.5);
#250 = AXIS2_PLACEMENT_3D('',#251,#252,#253);
#251 = CARTESIAN_POINT('',(1.5,78.5,1.5));
#252 = DIRECTION('',(1.,0.,0.));
#253 = DIRECTION('',(0.,0.,-1.));
#254 = ADVANCED_FACE('',(#255),#266,.T.);
#255 = FACE_BOUND('',#256,.T.);
#256 = EDGE_LOOP('',(#257,#258,#259));
#257 = ORIENTED_EDGE('',*,*,#177,.F.);
#258 = ORIENTED_EDGE('',*,*,#94,.T.);
#259 = ORIENTED_EDGE('',*,*,#260,.F.);
#260 = EDGE_CURVE('',#170,#95,#261,.T.);
#261 = CIRCLE('',#262,1.5);
#262 = AXIS2_PLACEMENT_3D('',#263,#264,#265);
#263 = CARTESIAN_POINT('',(1.5,1.5,84.5));
#264 = DIRECTION('',(1.,0.,0.));
#265 = DIRECTION('',(0.,-1.480297366167E-16,1.));
#266 = SPHERICAL_SURFACE('',#267,1.5);
#267 = AXIS2_PLACEMENT_3D('',#268,#269,#270);
#268 = CARTESIAN_POINT('',(1.5,1.5,84.5));
#269 = DIRECTION('',(1.,0.,0.));
#270 = DIRECTION('',(0.,-1.480297366167E-16,1.));
#271 = ADVANCED_FACE('',(#272),#297,.F.);
#272 = FACE_BOUND('',#273,.F.);
#273 = EDGE_LOOP('',(#274,#282,#283,#291));
#274 = ORIENTED_EDGE('',*,*,#275,.F.);
#275 = EDGE_CURVE('',#104,#276,#278,.T.);
#276 = VERTEX_POINT('',#277);
#277 = CARTESIAN_POINT('',(60.,-2.22044604925E-16,1.5));
#278 = LINE('',#279,#280);
#279 = CARTESIAN_POINT('',(0.,-2.22044604925E-16,1.5));
#280 = VECTOR('',#281,1.);
#281 = DIRECTION('',(1.,0.,0.));
#282 = ORIENTED_EDGE('',*,*,#103,.F.);
#283 = ORIENTED_EDGE('',*,*,#284,.T.);
#284 = EDGE_CURVE('',#95,#285,#287,.T.);
#285 = VERTEX_POINT('',#286);
#286 = CARTESIAN_POINT('',(60.,-2.22044604925E-16,84.5));
#287 = LINE('',#288,#289);
#288 = CARTESIAN_POINT('',(0.,-2.22044604925E-16,84.5));
#289 = VECTOR('',#290,1.);
#290 = DIRECTION('',(1.,0.,0.));
#291 = ORIENTED_EDGE('',*,*,#292,.T.);
#292 = EDGE_CURVE('',#285,#276,#293,.T.);
#293 = LINE('',#294,#295);
#294 = CARTESIAN_POINT('',(60.,0.,86.));
#295 = VECTOR('',#296,1.);
#296 = DIRECTION('',(0.,0.,-1.));
#297 = PLANE('',#298);
#298 = AXIS2_PLACEMENT_3D('',#299,#300,#301);
#299 = CARTESIAN_POINT('',(0.,0.,86.));
#300 = DIRECTION('',(0.,1.,0.));
#301 = DIRECTION('',(0.,0.,-1.));
#302 = ADVANCED_FACE('',(#303),#328,.F.);
#303 = FACE_BOUND('',#304,.F.);
#304 = EDGE_LOOP('',(#305,#313,#314,#322));
#305 = ORIENTED_EDGE('',*,*,#306,.F.);
#306 = EDGE_CURVE('',#137,#307,#309,.T.);
#307 = VERTEX_POINT('',#308);
#308 = CARTESIAN_POINT('',(60.,80.,84.5));
#309 = LINE('',#310,#311);
#310 = CARTESIAN_POINT('',(0.,80.,84.5));
#311 = VECTOR('',#312,1.);
#312 = DIRECTION('',(1.,0.,0.));
#313 = ORIENTED_EDGE('',*,*,#136,.F.);
#314 = ORIENTED_EDGE('',*,*,#315,.T.);
#315 = EDGE_CURVE('',#128,#316,#318,.T.);
#316 = VERTEX_POINT('',#317);
#317 = CARTESIAN_POINT('',(60.,80.,1.5));
#318 = LINE('',#319,#320);
#319 = CARTESIAN_POINT('',(0.,80.,1.5));
#320 = VECTOR('',#321,1.);
#321 = DIRECTION('',(1.,0.,0.));
#322 = ORIENTED_EDGE('',*,*,#323,.T.);
#323 = EDGE_CURVE('',#316,#307,#324,.T.);
#324 = LINE('',#325,#326);
#325 = CARTESIAN_POINT('',(60.,80.,0.));
#326 = VECTOR('',#327,1.);
#327 = DIRECTION('',(0.,0.,1.));
#328 = PLANE('',#329);
#329 = AXIS2_PLACEMENT_3D('',#330,#331,#332);
#330 = CARTESIAN_POINT('',(0.,80.,0.));
#331 = DIRECTION('',(0.,-1.,0.));
#332 = DIRECTION('',(0.,0.,1.));
#333 = ADVANCED_FACE('',(#334),#345,.T.);
#334 = FACE_BOUND('',#335,.T.);
#335 = EDGE_LOOP('',(#336,#337,#338));
#336 = ORIENTED_EDGE('',*,*,#144,.F.);
#337 = ORIENTED_EDGE('',*,*,#160,.T.);
#338 = ORIENTED_EDGE('',*,*,#339,.F.);
#339 = EDGE_CURVE('',#137,#161,#340,.T.);
#340 = CIRCLE('',#341,1.5);
#341 = AXIS2_PLACEMENT_3D('',#342,#343,#344);
#342 = CARTESIAN_POINT('',(1.5,78.5,84.5));
#343 = DIRECTION('',(1.,0.,0.));
#344 = DIRECTION('',(0.,1.,0.));
#345 = SPHERICAL_SURFACE('',#346,1.5);
#346 = AXIS2_PLACEMENT_3D('',#347,#348,#349);
#347 = CARTESIAN_POINT('',(1.5,78.5,84.5));
#348 = DIRECTION('',(1.,0.,0.));
#349 = DIRECTION('',(0.,1.,0.));
#350 = ADVANCED_FACE('',(#351,#376),#410,.F.);
#351 = FACE_BOUND('',#352,.F.);
#352 = EDGE_LOOP('',(#353,#361,#362,#370));
#353 = ORIENTED_EDGE('',*,*,#354,.F.);
#354 = EDGE_CURVE('',#170,#355,#357,.T.);
#355 = VERTEX_POINT('',#356);
#356 = CARTESIAN_POINT('',(60.,1.5,86.));
#357 = LINE('',#358,#359);
#358 = CARTESIAN_POINT('',(0.,1.5,86.));
#359 = VECTOR('',#360,1.);
#360 = DIRECTION('',(1.,0.,0.));
#361 = ORIENTED_EDGE('',*,*,#169,.F.);
#362 = ORIENTED_EDGE('',*,*,#363,.T.);
#363 = EDGE_CURVE('',#161,#364,#366,.T.);
#364 = VERTEX_POINT('',#365);
#365 = CARTESIAN_POINT('',(60.,78.5,86.));
#366 = LINE('',#367,#368);
#367 = CARTESIAN_POINT('',(0.,78.5,86.));
#368 = VECTOR('',#369,1.);
#369 = DIRECTION('',(1.,0.,0.));
#370 = ORIENTED_EDGE('',*,*,#371,.T.);
#371 = EDGE_CURVE('',#364,#355,#372,.T.);
#372 = LINE('',#373,#374);
#373 = CARTESIAN_POINT('',(60.,80.,86.));
#374 = VECTOR('',#375,1.);
#375 = DIRECTION('',(0.,-1.,0.));
#376 = FACE_BOUND('',#377,.F.);
#377 = EDGE_LOOP('',(#378,#388,#396,#404));
#378 = ORIENTED_EDGE('',*,*,#379,.T.);
#379 = EDGE_CURVE('',#380,#382,#384,.T.);
#380 = VERTEX_POINT('',#381);
#381 = CARTESIAN_POINT('',(20.468775,72.714607,86.));
#382 = VERTEX_POINT('',#383);
#383 = CARTESIAN_POINT('',(20.468775,67.714607,86.));
#384 = LINE('',#385,#386);
#385 = CARTESIAN_POINT('',(20.468775,72.714607,86.));
#386 = VECTOR('',#387,1.);
#387 = DIRECTION('',(0.,-1.,0.));
#388 = ORIENTED_EDGE('',*,*,#389,.T.);
#389 = EDGE_CURVE('',#382,#390,#392,.T.);
#390 = VERTEX_POINT('',#391);
#391 = CARTESIAN_POINT('',(35.468775,67.714607,86.));
#392 = LINE('',#393,#394);
#393 = CARTESIAN_POINT('',(20.468775,67.714607,86.));
#394 = VECTOR('',#395,1.);
#395 = DIRECTION('',(1.,0.,0.));
#396 = ORIENTED_EDGE('',*,*,#397,.T.);
#397 = EDGE_CURVE('',#390,#398,#400,.T.);
#398 = VERTEX_POINT('',#399);
#399 = CARTESIAN_POINT('',(35.468775,72.714607,86.));
#400 = LINE('',#401,#402);
#401 = CARTESIAN_POINT('',(35.468775,67.714607,86.));
#402 = VECTOR('',#403,1.);
#403 = DIRECTION('',(0.,1.,0.));
#404 = ORIENTED_EDGE('',*,*,#405,.T.);
#405 = EDGE_CURVE('',#398,#380,#406,.T.);
#406 = LINE('',#407,#408);
#407 = CARTESIAN_POINT('',(35.468775,72.714607,86.));
#408 = VECTOR('',#409,1.);
#409 = DIRECTION('',(-1.,0.,0.));
#410 = PLANE('',#411);
#411 = AXIS2_PLACEMENT_3D('',#412,#413,#414);
#412 = CARTESIAN_POINT('',(0.,80.,86.));
#413 = DIRECTION('',(0.,0.,-1.));
#414 = DIRECTION('',(0.,-1.,0.));
#415 = ADVANCED_FACE('',(#416),#428,.T.);
#416 = FACE_BOUND('',#417,.T.);
#417 = EDGE_LOOP('',(#418,#419,#420,#421));
#418 = ORIENTED_EDGE('',*,*,#275,.F.);
#419 = ORIENTED_EDGE('',*,*,#195,.T.);
#420 = ORIENTED_EDGE('',*,*,#210,.T.);
#421 = ORIENTED_EDGE('',*,*,#422,.F.);
#422 = EDGE_CURVE('',#276,#211,#423,.T.);
#423 = CIRCLE('',#424,1.5);
#424 = AXIS2_PLACEMENT_3D('',#425,#426,#427);
#425 = CARTESIAN_POINT('',(60.,1.5,1.5));
#426 = DIRECTION('',(1.,0.,-0.));
#427 = DIRECTION('',(0.,0.,1.));
#428 = CYLINDRICAL_SURFACE('',#429,1.5);
#429 = AXIS2_PLACEMENT_3D('',#430,#431,#432);
#430 = CARTESIAN_POINT('',(0.,1.5,1.5));
#431 = DIRECTION('',(1.,0.,0.));
#432 = DIRECTION('',(0.,-1.,0.));
#433 = ADVANCED_FACE('',(#434,#462),#528,.T.);
#434 = FACE_BOUND('',#435,.T.);
#435 = EDGE_LOOP('',(#436,#437,#438,#439,#446,#447,#454,#455));
#436 = ORIENTED_EDGE('',*,*,#292,.T.);
#437 = ORIENTED_EDGE('',*,*,#422,.T.);
#438 = ORIENTED_EDGE('',*,*,#218,.T.);
#439 = ORIENTED_EDGE('',*,*,#440,.T.);
#440 = EDGE_CURVE('',#219,#316,#441,.T.);
#441 = CIRCLE('',#442,1.5);
#442 = AXIS2_PLACEMENT_3D('',#443,#444,#445);
#443 = CARTESIAN_POINT('',(60.,78.5,1.5));
#444 = DIRECTION('',(1.,0.,-0.));
#445 = DIRECTION('',(0.,0.,1.));
#446 = ORIENTED_EDGE('',*,*,#323,.T.);
#447 = ORIENTED_EDGE('',*,*,#448,.T.);
#448 = EDGE_CURVE('',#307,#364,#449,.T.);
#449 = CIRCLE('',#450,1.5);
#450 = AXIS2_PLACEMENT_3D('',#451,#452,#453);
#451 = CARTESIAN_POINT('',(60.,78.5,84.5));
#452 = DIRECTION('',(1.,0.,-0.));
#453 = DIRECTION('',(0.,0.,1.));
#454 = ORIENTED_EDGE('',*,*,#371,.T.);
#455 = ORIENTED_EDGE('',*,*,#456,.T.);
#456 = EDGE_CURVE('',#355,#285,#457,.T.);
#457 = CIRCLE('',#458,1.5);
#458 = AXIS2_PLACEMENT_3D('',#459,#460,#461);
#459 = CARTESIAN_POINT('',(60.,1.5,84.5));
#460 = DIRECTION('',(1.,0.,-0.));
#461 = DIRECTION('',(0.,0.,1.));
#462 = FACE_BOUND('',#463,.T.);
#463 = EDGE_LOOP('',(#464,#474,#482,#490,#498,#506,#514,#522));
#464 = ORIENTED_EDGE('',*,*,#465,.F.);
#465 = EDGE_CURVE('',#466,#468,#470,.T.);
#466 = VERTEX_POINT('',#467);
#467 = CARTESIAN_POINT('',(60.,2.,81.4));
#468 = VERTEX_POINT('',#469);
#469 = CARTESIAN_POINT('',(60.,2.,2.));
#470 = LINE('',#471,#472);
#471 = CARTESIAN_POINT('',(60.,2.,81.4));
#472 = VECTOR('',#473,1.);
#473 = DIRECTION('',(0.,0.,-1.));
#474 = ORIENTED_EDGE('',*,*,#475,.F.);
#475 = EDGE_CURVE('',#476,#466,#478,.T.);
#476 = VERTEX_POINT('',#477);
#477 = CARTESIAN_POINT('',(60.,2.128394,81.4));
#478 = LINE('',#479,#480);
#479 = CARTESIAN_POINT('',(60.,78.,81.4));
#480 = VECTOR('',#481,1.);
#481 = DIRECTION('',(0.,-1.,0.));
#482 = ORIENTED_EDGE('',*,*,#483,.F.);
#483 = EDGE_CURVE('',#484,#476,#486,.T.);
#484 = VERTEX_POINT('',#485);
#485 = CARTESIAN_POINT('',(60.,2.128394,83.975526));
#486 = LINE('',#487,#488);
#487 = CARTESIAN_POINT('',(60.,2.128394,83.975526));
#488 = VECTOR('',#489,1.);
#489 = DIRECTION('',(0.,0.,-1.));
#490 = ORIENTED_EDGE('',*,*,#491,.F.);
#491 = EDGE_CURVE('',#492,#484,#494,.T.);
#492 = VERTEX_POINT('',#493);
#493 = CARTESIAN_POINT('',(60.,77.940269,83.975526));
#494 = LINE('',#495,#496);
#495 = CARTESIAN_POINT('',(60.,77.940269,83.975526));
#496 = VECTOR('',#497,1.);
#497 = DIRECTION('',(0.,-1.,0.));
#498 = ORIENTED_EDGE('',*,*,#499,.F.);
#499 = EDGE_CURVE('',#500,#492,#502,.T.);
#500 = VERTEX_POINT('',#501);
#501 = CARTESIAN_POINT('',(60.,77.940269,81.4));
#502 = LINE('',#503,#504);
#503 = CARTESIAN_POINT('',(60.,77.940269,81.375526));
#504 = VECTOR('',#505,1.);
#505 = DIRECTION('',(0.,0.,1.));
#506 = ORIENTED_EDGE('',*,*,#507,.F.);
#507 = EDGE_CURVE('',#508,#500,#510,.T.);
#508 = VERTEX_POINT('',#509);
#509 = CARTESIAN_POINT('',(60.,78.,81.4));
#510 = LINE('',#511,#512);
#511 = CARTESIAN_POINT('',(60.,78.,81.4));
#512 = VECTOR('',#513,1.);
#513 = DIRECTION('',(0.,-1.,0.));
#514 = ORIENTED_EDGE('',*,*,#515,.F.);
#515 = EDGE_CURVE('',#516,#508,#518,.T.);
#516 = VERTEX_POINT('',#517);
#517 = CARTESIAN_POINT('',(60.,78.,2.));
#518 = LINE('',#519,#520);
#519 = CARTESIAN_POINT('',(60.,78.,2.));
#520 = VECTOR('',#521,1.);
#521 = DIRECTION('',(0.,0.,1.));
#522 = ORIENTED_EDGE('',*,*,#523,.F.);
#523 = EDGE_CURVE('',#468,#516,#524,.T.);
#524 = LINE('',#525,#526);
#525 = CARTESIAN_POINT('',(60.,2.,2.));
#526 = VECTOR('',#527,1.);
#527 = DIRECTION('',(0.,1.,0.));
#528 = PLANE('',#529);
#529 = AXIS2_PLACEMENT_3D('',#530,#531,#532);
#530 = CARTESIAN_POINT('',(60.,40.,42.371437461108));
#531 = DIRECTION('',(1.,0.,0.));
#532 = DIRECTION('',(0.,0.,1.));
#533 = ADVANCED_FACE('',(#534),#540,.T.);
#534 = FACE_BOUND('',#535,.T.);
#535 = EDGE_LOOP('',(#536,#537,#538,#539));
#536 = ORIENTED_EDGE('',*,*,#226,.F.);
#537 = ORIENTED_EDGE('',*,*,#243,.T.);
#538 = ORIENTED_EDGE('',*,*,#315,.T.);
#539 = ORIENTED_EDGE('',*,*,#440,.F.);
#540 = CYLINDRICAL_SURFACE('',#541,1.5);
#541 = AXIS2_PLACEMENT_3D('',#542,#543,#544);
#542 = CARTESIAN_POINT('',(0.,78.5,1.5));
#543 = DIRECTION('',(1.,0.,0.));
#544 = DIRECTION('',(0.,0.,-1.));
#545 = ADVANCED_FACE('',(#546),#552,.T.);
#546 = FACE_BOUND('',#547,.T.);
#547 = EDGE_LOOP('',(#548,#549,#550,#551));
#548 = ORIENTED_EDGE('',*,*,#354,.F.);
#549 = ORIENTED_EDGE('',*,*,#260,.T.);
#550 = ORIENTED_EDGE('',*,*,#284,.T.);
#551 = ORIENTED_EDGE('',*,*,#456,.F.);
#552 = CYLINDRICAL_SURFACE('',#553,1.5);
#553 = AXIS2_PLACEMENT_3D('',#554,#555,#556);
#554 = CARTESIAN_POINT('',(0.,1.5,84.5));
#555 = DIRECTION('',(1.,0.,0.));
#556 = DIRECTION('',(0.,0.,1.));
#557 = ADVANCED_FACE('',(#558),#564,.T.);
#558 = FACE_BOUND('',#559,.T.);
#559 = EDGE_LOOP('',(#560,#561,#562,#563));
#560 = ORIENTED_EDGE('',*,*,#306,.F.);
#561 = ORIENTED_EDGE('',*,*,#339,.T.);
#562 = ORIENTED_EDGE('',*,*,#363,.T.);
#563 = ORIENTED_EDGE('',*,*,#448,.F.);
#564 = CYLINDRICAL_SURFACE('',#565,1.5);
#565 = AXIS2_PLACEMENT_3D('',#566,#567,#568);
#566 = CARTESIAN_POINT('',(0.,78.5,84.5));
#567 = DIRECTION('',(1.,0.,0.));
#568 = DIRECTION('',(0.,1.,0.));
#569 = ADVANCED_FACE('',(#570),#595,.F.);
#570 = FACE_BOUND('',#571,.F.);
#571 = EDGE_LOOP('',(#572,#573,#581,#589));
#572 = ORIENTED_EDGE('',*,*,#379,.F.);
#573 = ORIENTED_EDGE('',*,*,#574,.T.);
#574 = EDGE_CURVE('',#380,#575,#577,.T.);
#575 = VERTEX_POINT('',#576);
#576 = CARTESIAN_POINT('',(20.468775,72.714607,83.975526));
#577 = LINE('',#578,#579);
#578 = CARTESIAN_POINT('',(20.468775,72.714607,86.));
#579 = VECTOR('',#580,1.);
#580 = DIRECTION('',(-0.,-0.,-1.));
#581 = ORIENTED_EDGE('',*,*,#582,.T.);
#582 = EDGE_CURVE('',#575,#583,#585,.T.);
#583 = VERTEX_POINT('',#584);
#584 = CARTESIAN_POINT('',(20.468775,67.714607,83.975526));
#585 = LINE('',#586,#587);
#586 = CARTESIAN_POINT('',(20.468775,75.327438,83.975526));
#587 = VECTOR('',#588,1.);
#588 = DIRECTION('',(0.,-1.,0.));
#589 = ORIENTED_EDGE('',*,*,#590,.F.);
#590 = EDGE_CURVE('',#382,#583,#591,.T.);
#591 = LINE('',#592,#593);
#592 = CARTESIAN_POINT('',(20.468775,67.714607,86.));
#593 = VECTOR('',#594,1.);
#594 = DIRECTION('',(-0.,-0.,-1.));
#595 = PLANE('',#596);
#596 = AXIS2_PLACEMENT_3D('',#597,#598,#599);
#597 = CARTESIAN_POINT('',(20.468775,72.714607,86.));
#598 = DIRECTION('',(-1.,0.,0.));
#599 = DIRECTION('',(0.,-1.,0.));
#600 = ADVANCED_FACE('',(#601),#619,.F.);
#601 = FACE_BOUND('',#602,.F.);
#602 = EDGE_LOOP('',(#603,#604,#612,#618));
#603 = ORIENTED_EDGE('',*,*,#405,.F.);
#604 = ORIENTED_EDGE('',*,*,#605,.T.);
#605 = EDGE_CURVE('',#398,#606,#608,.T.);
#606 = VERTEX_POINT('',#607);
#607 = CARTESIAN_POINT('',(35.468775,72.714607,83.975526));
#608 = LINE('',#609,#610);
#609 = CARTESIAN_POINT('',(35.468775,72.714607,86.));
#610 = VECTOR('',#611,1.);
#611 = DIRECTION('',(-0.,-0.,-1.));
#612 = ORIENTED_EDGE('',*,*,#613,.T.);
#613 = EDGE_CURVE('',#606,#575,#614,.T.);
#614 = LINE('',#615,#616);
#615 = CARTESIAN_POINT('',(47.7343875,72.714607,83.975526));
#616 = VECTOR('',#617,1.);
#617 = DIRECTION('',(-1.,0.,0.));
#618 = ORIENTED_EDGE('',*,*,#574,.F.);
#619 = PLANE('',#620);
#620 = AXIS2_PLACEMENT_3D('',#621,#622,#623);
#621 = CARTESIAN_POINT('',(35.468775,72.714607,86.));
#622 = DIRECTION('',(0.,1.,0.));
#623 = DIRECTION('',(-1.,0.,0.));
#624 = ADVANCED_FACE('',(#625),#643,.F.);
#625 = FACE_BOUND('',#626,.F.);
#626 = EDGE_LOOP('',(#627,#628,#636,#642));
#627 = ORIENTED_EDGE('',*,*,#397,.F.);
#628 = ORIENTED_EDGE('',*,*,#629,.T.);
#629 = EDGE_CURVE('',#390,#630,#632,.T.);
#630 = VERTEX_POINT('',#631);
#631 = CARTESIAN_POINT('',(35.468775,67.714607,83.975526));
#632 = LINE('',#633,#634);
#633 = CARTESIAN_POINT('',(35.468775,67.714607,86.));
#634 = VECTOR('',#635,1.);
#635 = DIRECTION('',(-0.,-0.,-1.));
#636 = ORIENTED_EDGE('',*,*,#637,.T.);
#637 = EDGE_CURVE('',#630,#606,#638,.T.);
#638 = LINE('',#639,#640);
#639 = CARTESIAN_POINT('',(35.468775,72.827438,83.975526));
#640 = VECTOR('',#641,1.);
#641 = DIRECTION('',(0.,1.,0.));
#642 = ORIENTED_EDGE('',*,*,#605,.F.);
#643 = PLANE('',#644);
#644 = AXIS2_PLACEMENT_3D('',#645,#646,#647);
#645 = CARTESIAN_POINT('',(35.468775,67.714607,86.));
#646 = DIRECTION('',(1.,0.,0.));
#647 = DIRECTION('',(0.,1.,0.));
#648 = ADVANCED_FACE('',(#649),#660,.F.);
#649 = FACE_BOUND('',#650,.F.);
#650 = EDGE_LOOP('',(#651,#652,#653,#659));
#651 = ORIENTED_EDGE('',*,*,#389,.F.);
#652 = ORIENTED_EDGE('',*,*,#590,.T.);
#653 = ORIENTED_EDGE('',*,*,#654,.T.);
#654 = EDGE_CURVE('',#583,#630,#655,.T.);
#655 = LINE('',#656,#657);
#656 = CARTESIAN_POINT('',(40.2343875,67.714607,83.975526));
#657 = VECTOR('',#658,1.);
#658 = DIRECTION('',(1.,0.,0.));
#659 = ORIENTED_EDGE('',*,*,#629,.F.);
#660 = PLANE('',#661);
#661 = AXIS2_PLACEMENT_3D('',#662,#663,#664);
#662 = CARTESIAN_POINT('',(20.468775,67.714607,86.));
#663 = DIRECTION('',(0.,-1.,0.));
#664 = DIRECTION('',(1.,0.,0.));
#665 = ADVANCED_FACE('',(#666,#787,#821),#855,.T.);
#666 = FACE_BOUND('',#667,.T.);
#667 = EDGE_LOOP('',(#668,#678,#686,#694,#700,#701,#709,#717,#725,#733,
    #741,#749,#757,#765,#773,#781));
#668 = ORIENTED_EDGE('',*,*,#669,.F.);
#669 = EDGE_CURVE('',#670,#672,#674,.T.);
#670 = VERTEX_POINT('',#671);
#671 = CARTESIAN_POINT('',(2.,2.,81.274298));
#672 = VERTEX_POINT('',#673);
#673 = CARTESIAN_POINT('',(2.,2.,61.3987));
#674 = LINE('',#675,#676);
#675 = CARTESIAN_POINT('',(2.,2.,81.4));
#676 = VECTOR('',#677,1.);
#677 = DIRECTION('',(0.,0.,-1.));
#678 = ORIENTED_EDGE('',*,*,#679,.T.);
#679 = EDGE_CURVE('',#670,#680,#682,.T.);
#680 = VERTEX_POINT('',#681);
#681 = CARTESIAN_POINT('',(59.9,2.,81.274298));
#682 = LINE('',#683,#684);
#683 = CARTESIAN_POINT('',(1.,2.,81.274298));
#684 = VECTOR('',#685,1.);
#685 = DIRECTION('',(1.,0.,0.));
#686 = ORIENTED_EDGE('',*,*,#687,.F.);
#687 = EDGE_CURVE('',#688,#680,#690,.T.);
#688 = VERTEX_POINT('',#689);
#689 = CARTESIAN_POINT('',(59.9,2.,81.4));
#690 = LINE('',#691,#692);
#691 = CARTESIAN_POINT('',(59.9,2.,81.987149));
#692 = VECTOR('',#693,1.);
#693 = DIRECTION('',(0.,0.,-1.));
#694 = ORIENTED_EDGE('',*,*,#695,.T.);
#695 = EDGE_CURVE('',#688,#466,#696,.T.);
#696 = LINE('',#697,#698);
#697 = CARTESIAN_POINT('',(0.,2.,81.4));
#698 = VECTOR('',#699,1.);
#699 = DIRECTION('',(1.,0.,0.));
#700 = ORIENTED_EDGE('',*,*,#465,.T.);
#701 = ORIENTED_EDGE('',*,*,#702,.F.);
#702 = EDGE_CURVE('',#703,#468,#705,.T.);
#703 = VERTEX_POINT('',#704);
#704 = CARTESIAN_POINT('',(2.,2.,2.));
#705 = LINE('',#706,#707);
#706 = CARTESIAN_POINT('',(0.,2.,2.));
#707 = VECTOR('',#708,1.);
#708 = DIRECTION('',(1.,0.,0.));
#709 = ORIENTED_EDGE('',*,*,#710,.F.);
#710 = EDGE_CURVE('',#711,#703,#713,.T.);
#711 = VERTEX_POINT('',#712);
#712 = CARTESIAN_POINT('',(2.,2.,52.99731));
#713 = LINE('',#714,#715);
#714 = CARTESIAN_POINT('',(2.,2.,81.4));
#715 = VECTOR('',#716,1.);
#716 = DIRECTION('',(0.,0.,-1.));
#717 = ORIENTED_EDGE('',*,*,#718,.T.);
#718 = EDGE_CURVE('',#711,#719,#721,.T.);
#719 = VERTEX_POINT('',#720);
#720 = CARTESIAN_POINT('',(59.,2.,52.99731));
#721 = LINE('',#722,#723);
#722 = CARTESIAN_POINT('',(1.,2.,52.99731));
#723 = VECTOR('',#724,1.);
#724 = DIRECTION('',(1.,0.,0.));
#725 = ORIENTED_EDGE('',*,*,#726,.F.);
#726 = EDGE_CURVE('',#727,#719,#729,.T.);
#727 = VERTEX_POINT('',#728);
#728 = CARTESIAN_POINT('',(59.,2.,55.242702));
#729 = LINE('',#730,#731);
#730 = CARTESIAN_POINT('',(59.,2.,67.760003));
#731 = VECTOR('',#732,1.);
#732 = DIRECTION('',(0.,0.,-1.));
#733 = ORIENTED_EDGE('',*,*,#734,.T.);
#734 = EDGE_CURVE('',#727,#735,#737,.T.);
#735 = VERTEX_POINT('',#736);
#736 = CARTESIAN_POINT('',(2.,2.,55.242702));
#737 = LINE('',#738,#739);
#738 = CARTESIAN_POINT('',(1.,2.,55.242702));
#739 = VECTOR('',#740,1.);
#740 = DIRECTION('',(-1.,0.,0.));
#741 = ORIENTED_EDGE('',*,*,#742,.F.);
#742 = EDGE_CURVE('',#743,#735,#745,.T.);
#743 = VERTEX_POINT('',#744);
#744 = CARTESIAN_POINT('',(2.,2.,57.3987));
#745 = LINE('',#746,#747);
#746 = CARTESIAN_POINT('',(2.,2.,81.4));
#747 = VECTOR('',#748,1.);
#748 = DIRECTION('',(0.,0.,-1.));
#749 = ORIENTED_EDGE('',*,*,#750,.T.);
#750 = EDGE_CURVE('',#743,#751,#753,.T.);
#751 = VERTEX_POINT('',#752);
#752 = CARTESIAN_POINT('',(57.,2.,57.3987));
#753 = LINE('',#754,#755);
#754 = CARTESIAN_POINT('',(1.,2.,57.3987));
#755 = VECTOR('',#756,1.);
#756 = DIRECTION('',(1.,0.,0.));
#757 = ORIENTED_EDGE('',*,*,#758,.F.);
#758 = EDGE_CURVE('',#759,#751,#761,.T.);
#759 = VERTEX_POINT('',#760);
#760 = CARTESIAN_POINT('',(57.,2.,58.389767));
#761 = LINE('',#762,#763);
#762 = CARTESIAN_POINT('',(57.,2.,70.39935));
#763 = VECTOR('',#764,1.);
#764 = DIRECTION('',(0.,0.,-1.));
#765 = ORIENTED_EDGE('',*,*,#766,.F.);
#766 = EDGE_CURVE('',#767,#759,#769,.T.);
#767 = VERTEX_POINT('',#768);
#768 = CARTESIAN_POINT('',(57.,2.,60.389767));
#769 = LINE('',#770,#771);
#770 = CARTESIAN_POINT('',(57.,2.,70.39935));
#771 = VECTOR('',#772,1.);
#772 = DIRECTION('',(0.,0.,-1.));
#773 = ORIENTED_EDGE('',*,*,#774,.F.);
#774 = EDGE_CURVE('',#775,#767,#777,.T.);
#775 = VERTEX_POINT('',#776);
#776 = CARTESIAN_POINT('',(57.,2.,61.3987));
#777 = LINE('',#778,#779);
#778 = CARTESIAN_POINT('',(57.,2.,70.39935));
#779 = VECTOR('',#780,1.);
#780 = DIRECTION('',(0.,0.,-1.));
#781 = ORIENTED_EDGE('',*,*,#782,.T.);
#782 = EDGE_CURVE('',#775,#672,#783,.T.);
#783 = LINE('',#784,#785);
#784 = CARTESIAN_POINT('',(1.,2.,61.3987));
#785 = VECTOR('',#786,1.);
#786 = DIRECTION('',(-1.,0.,0.));
#787 = FACE_BOUND('',#788,.T.);
#788 = EDGE_LOOP('',(#789,#799,#807,#815));
#789 = ORIENTED_EDGE('',*,*,#790,.F.);
#790 = EDGE_CURVE('',#791,#793,#795,.T.);
#791 = VERTEX_POINT('',#792);
#792 = CARTESIAN_POINT('',(59.992447,2.,2.076051));
#793 = VERTEX_POINT('',#794);
#794 = CARTESIAN_POINT('',(54.992447,2.,2.076051));
#795 = LINE('',#796,#797);
#796 = CARTESIAN_POINT('',(59.992447,2.,2.076051));
#797 = VECTOR('',#798,1.);
#798 = DIRECTION('',(-1.,0.,0.));
#799 = ORIENTED_EDGE('',*,*,#800,.F.);
#800 = EDGE_CURVE('',#801,#791,#803,.T.);
#801 = VERTEX_POINT('',#802);
#802 = CARTESIAN_POINT('',(59.992447,2.,4.676051));
#803 = LINE('',#804,#805);
#804 = CARTESIAN_POINT('',(59.992447,2.,4.676051));
#805 = VECTOR('',#806,1.);
#806 = DIRECTION('',(0.,-2.22044604925E-16,-1.));
#807 = ORIENTED_EDGE('',*,*,#808,.F.);
#808 = EDGE_CURVE('',#809,#801,#811,.T.);
#809 = VERTEX_POINT('',#810);
#810 = CARTESIAN_POINT('',(54.992447,2.,4.676051));
#811 = LINE('',#812,#813);
#812 = CARTESIAN_POINT('',(54.992447,2.,4.676051));
#813 = VECTOR('',#814,1.);
#814 = DIRECTION('',(1.,0.,0.));
#815 = ORIENTED_EDGE('',*,*,#816,.F.);
#816 = EDGE_CURVE('',#793,#809,#817,.T.);
#817 = LINE('',#818,#819);
#818 = CARTESIAN_POINT('',(54.992447,2.,2.076051));
#819 = VECTOR('',#820,1.);
#820 = DIRECTION('',(0.,2.22044604925E-16,1.));
#821 = FACE_BOUND('',#822,.T.);
#822 = EDGE_LOOP('',(#823,#833,#841,#849));
#823 = ORIENTED_EDGE('',*,*,#824,.F.);
#824 = EDGE_CURVE('',#825,#827,#829,.T.);
#825 = VERTEX_POINT('',#826);
#826 = CARTESIAN_POINT('',(9.081168875254,2.,2.85001));
#827 = VERTEX_POINT('',#828);
#828 = CARTESIAN_POINT('',(9.081168875254,2.,4.35001));
#829 = LINE('',#830,#831);
#830 = CARTESIAN_POINT('',(9.081168875254,2.,2.85001));
#831 = VECTOR('',#832,1.);
#832 = DIRECTION('',(0.,0.,1.));
#833 = ORIENTED_EDGE('',*,*,#834,.F.);
#834 = EDGE_CURVE('',#835,#825,#837,.T.);
#835 = VERTEX_POINT('',#836);
#836 = CARTESIAN_POINT('',(39.081168875254,2.,2.85001));
#837 = LINE('',#838,#839);
#838 = CARTESIAN_POINT('',(39.081168875254,2.,2.85001));
#839 = VECTOR('',#840,1.);
#840 = DIRECTION('',(-1.,0.,0.));
#841 = ORIENTED_EDGE('',*,*,#842,.F.);
#842 = EDGE_CURVE('',#843,#835,#845,.T.);
#843 = VERTEX_POINT('',#844);
#844 = CARTESIAN_POINT('',(39.081168875254,2.,4.35001));
#845 = LINE('',#846,#847);
#846 = CARTESIAN_POINT('',(39.081168875254,2.,4.35001));
#847 = VECTOR('',#848,1.);
#848 = DIRECTION('',(0.,0.,-1.));
#849 = ORIENTED_EDGE('',*,*,#850,.F.);
#850 = EDGE_CURVE('',#827,#843,#851,.T.);
#851 = LINE('',#852,#853);
#852 = CARTESIAN_POINT('',(9.081168875254,2.,4.35001));
#853 = VECTOR('',#854,1.);
#854 = DIRECTION('',(1.,0.,0.));
#855 = PLANE('',#856);
#856 = AXIS2_PLACEMENT_3D('',#857,#858,#859);
#857 = CARTESIAN_POINT('',(0.,2.,81.4));
#858 = DIRECTION('',(0.,1.,0.));
#859 = DIRECTION('',(0.,0.,-1.));
#860 = ADVANCED_FACE('',(#861),#911,.T.);
#861 = FACE_BOUND('',#862,.T.);
#862 = EDGE_LOOP('',(#863,#871,#872,#873,#881,#889,#897,#905));
#863 = ORIENTED_EDGE('',*,*,#864,.F.);
#864 = EDGE_CURVE('',#703,#865,#867,.T.);
#865 = VERTEX_POINT('',#866);
#866 = CARTESIAN_POINT('',(2.,78.,2.));
#867 = LINE('',#868,#869);
#868 = CARTESIAN_POINT('',(2.,2.,2.));
#869 = VECTOR('',#870,1.);
#870 = DIRECTION('',(0.,1.,0.));
#871 = ORIENTED_EDGE('',*,*,#702,.T.);
#872 = ORIENTED_EDGE('',*,*,#523,.T.);
#873 = ORIENTED_EDGE('',*,*,#874,.F.);
#874 = EDGE_CURVE('',#875,#516,#877,.T.);
#875 = VERTEX_POINT('',#876);
#876 = CARTESIAN_POINT('',(59.449587,78.,2.));
#877 = LINE('',#878,#879);
#878 = CARTESIAN_POINT('',(0.,78.,2.));
#879 = VECTOR('',#880,1.);
#880 = DIRECTION('',(1.,0.,0.));
#881 = ORIENTED_EDGE('',*,*,#882,.T.);
#882 = EDGE_CURVE('',#875,#883,#885,.T.);
#883 = VERTEX_POINT('',#884);
#884 = CARTESIAN_POINT('',(59.449587,75.4,2.));
#885 = LINE('',#886,#887);
#886 = CARTESIAN_POINT('',(59.449587,40.,2.));
#887 = VECTOR('',#888,1.);
#888 = DIRECTION('',(0.,-1.,0.));
#889 = ORIENTED_EDGE('',*,*,#890,.T.);
#890 = EDGE_CURVE('',#883,#891,#893,.T.);
#891 = VERTEX_POINT('',#892);
#892 = CARTESIAN_POINT('',(54.449587,75.4,2.));
#893 = LINE('',#894,#895);
#894 = CARTESIAN_POINT('',(28.4747935,75.4,2.));
#895 = VECTOR('',#896,1.);
#896 = DIRECTION('',(-1.,0.,0.));
#897 = ORIENTED_EDGE('',*,*,#898,.T.);
#898 = EDGE_CURVE('',#891,#899,#901,.T.);
#899 = VERTEX_POINT('',#900);
#900 = CARTESIAN_POINT('',(54.449587,78.,2.));
#901 = LINE('',#902,#903);
#902 = CARTESIAN_POINT('',(54.449587,40.,2.));
#903 = VECTOR('',#904,1.);
#904 = DIRECTION('',(0.,1.,0.));
#905 = ORIENTED_EDGE('',*,*,#906,.F.);
#906 = EDGE_CURVE('',#865,#899,#907,.T.);
#907 = LINE('',#908,#909);
#908 = CARTESIAN_POINT('',(0.,78.,2.));
#909 = VECTOR('',#910,1.);
#910 = DIRECTION('',(1.,0.,0.));
#911 = PLANE('',#912);
#912 = AXIS2_PLACEMENT_3D('',#913,#914,#915);
#913 = CARTESIAN_POINT('',(0.,2.,2.));
#914 = DIRECTION('',(0.,0.,1.));
#915 = DIRECTION('',(0.,1.,0.));
#916 = ADVANCED_FACE('',(#917),#1102,.T.);
#917 = FACE_BOUND('',#918,.T.);
#918 = EDGE_LOOP('',(#919,#927,#928,#936,#944,#952,#960,#968,#976,#982,
    #983,#984,#992,#1000,#1008,#1016,#1024,#1032,#1040,#1048,#1056,#1064
    ,#1072,#1080,#1088,#1096));
#919 = ORIENTED_EDGE('',*,*,#920,.F.);
#920 = EDGE_CURVE('',#865,#921,#923,.T.);
#921 = VERTEX_POINT('',#922);
#922 = CARTESIAN_POINT('',(2.,78.,3.25559));
#923 = LINE('',#924,#925);
#924 = CARTESIAN_POINT('',(2.,78.,2.));
#925 = VECTOR('',#926,1.);
#926 = DIRECTION('',(0.,0.,1.));
#927 = ORIENTED_EDGE('',*,*,#906,.T.);
#928 = ORIENTED_EDGE('',*,*,#929,.F.);
#929 = EDGE_CURVE('',#930,#899,#932,.T.);
#930 = VERTEX_POINT('',#931);
#931 = CARTESIAN_POINT('',(54.449587,78.,4.593722));
#932 = LINE('',#933,#934);
#933 = CARTESIAN_POINT('',(54.449587,78.,4.593722));
#934 = VECTOR('',#935,1.);
#935 = DIRECTION('',(0.,-2.22044604925E-16,-1.));
#936 = ORIENTED_EDGE('',*,*,#937,.F.);
#937 = EDGE_CURVE('',#938,#930,#940,.T.);
#938 = VERTEX_POINT('',#939);
#939 = CARTESIAN_POINT('',(54.903496,78.,4.593722));
#940 = LINE('',#941,#942);
#941 = CARTESIAN_POINT('',(59.449587,78.,4.593722));
#942 = VECTOR('',#943,1.);
#943 = DIRECTION('',(-1.,0.,0.));
#944 = ORIENTED_EDGE('',*,*,#945,.F.);
#945 = EDGE_CURVE('',#946,#938,#948,.T.);
#946 = VERTEX_POINT('',#947);
#947 = CARTESIAN_POINT('',(54.903496,78.,4.657362));
#948 = LINE('',#949,#950);
#949 = CARTESIAN_POINT('',(54.903496,78.,4.657362));
#950 = VECTOR('',#951,1.);
#951 = DIRECTION('',(0.,-2.22044604925E-16,-1.));
#952 = ORIENTED_EDGE('',*,*,#953,.F.);
#953 = EDGE_CURVE('',#954,#946,#956,.T.);
#954 = VERTEX_POINT('',#955);
#955 = CARTESIAN_POINT('',(59.903496,78.,4.657362));
#956 = LINE('',#957,#958);
#957 = CARTESIAN_POINT('',(59.903496,78.,4.657362));
#958 = VECTOR('',#959,1.);
#959 = DIRECTION('',(-1.,0.,0.));
#960 = ORIENTED_EDGE('',*,*,#961,.F.);
#961 = EDGE_CURVE('',#962,#954,#964,.T.);
#962 = VERTEX_POINT('',#963);
#963 = CARTESIAN_POINT('',(59.903496,78.,2.057362));
#964 = LINE('',#965,#966);
#965 = CARTESIAN_POINT('',(59.903496,78.,2.057362));
#966 = VECTOR('',#967,1.);
#967 = DIRECTION('',(0.,2.22044604925E-16,1.));
#968 = ORIENTED_EDGE('',*,*,#969,.F.);
#969 = EDGE_CURVE('',#970,#962,#972,.T.);
#970 = VERTEX_POINT('',#971);
#971 = CARTESIAN_POINT('',(59.449587,78.,2.057362));
#972 = LINE('',#973,#974);
#973 = CARTESIAN_POINT('',(54.903496,78.,2.057362));
#974 = VECTOR('',#975,1.);
#975 = DIRECTION('',(1.,0.,0.));
#976 = ORIENTED_EDGE('',*,*,#977,.F.);
#977 = EDGE_CURVE('',#875,#970,#978,.T.);
#978 = LINE('',#979,#980);
#979 = CARTESIAN_POINT('',(59.449587,78.,1.993722));
#980 = VECTOR('',#981,1.);
#981 = DIRECTION('',(0.,2.22044604925E-16,1.));
#982 = ORIENTED_EDGE('',*,*,#874,.T.);
#983 = ORIENTED_EDGE('',*,*,#515,.T.);
#984 = ORIENTED_EDGE('',*,*,#985,.F.);
#985 = EDGE_CURVE('',#986,#508,#988,.T.);
#986 = VERTEX_POINT('',#987);
#987 = CARTESIAN_POINT('',(2.,78.,81.4));
#988 = LINE('',#989,#990);
#989 = CARTESIAN_POINT('',(0.,78.,81.4));
#990 = VECTOR('',#991,1.);
#991 = DIRECTION('',(1.,0.,0.));
#992 = ORIENTED_EDGE('',*,*,#993,.F.);
#993 = EDGE_CURVE('',#994,#986,#996,.T.);
#994 = VERTEX_POINT('',#995);
#995 = CARTESIAN_POINT('',(2.,78.,61.79787445));
#996 = LINE('',#997,#998);
#997 = CARTESIAN_POINT('',(2.,78.,2.));
#998 = VECTOR('',#999,1.);
#999 = DIRECTION('',(0.,0.,1.));
#1000 = ORIENTED_EDGE('',*,*,#1001,.T.);
#1001 = EDGE_CURVE('',#994,#1002,#1004,.T.);
#1002 = VERTEX_POINT('',#1003);
#1003 = CARTESIAN_POINT('',(57.,78.,61.79787445));
#1004 = LINE('',#1005,#1006);
#1005 = CARTESIAN_POINT('',(1.,78.,61.79787445));
#1006 = VECTOR('',#1007,1.);
#1007 = DIRECTION('',(1.,0.,0.));
#1008 = ORIENTED_EDGE('',*,*,#1009,.F.);
#1009 = EDGE_CURVE('',#1010,#1002,#1012,.T.);
#1010 = VERTEX_POINT('',#1011);
#1011 = CARTESIAN_POINT('',(57.,78.,60.8194695));
#1012 = LINE('',#1013,#1014);
#1013 = CARTESIAN_POINT('',(57.,78.,30.898937225));
#1014 = VECTOR('',#1015,1.);
#1015 = DIRECTION('',(0.,0.,1.));
#1016 = ORIENTED_EDGE('',*,*,#1017,.F.);
#1017 = EDGE_CURVE('',#1018,#1010,#1020,.T.);
#1018 = VERTEX_POINT('',#1019);
#1019 = CARTESIAN_POINT('',(57.,78.,58.8194695));
#1020 = LINE('',#1021,#1022);
#1021 = CARTESIAN_POINT('',(57.,78.,30.898937225));
#1022 = VECTOR('',#1023,1.);
#1023 = DIRECTION('',(0.,0.,1.));
#1024 = ORIENTED_EDGE('',*,*,#1025,.F.);
#1025 = EDGE_CURVE('',#1026,#1018,#1028,.T.);
#1026 = VERTEX_POINT('',#1027);
#1027 = CARTESIAN_POINT('',(57.,78.,57.79787445));
#1028 = LINE('',#1029,#1030);
#1029 = CARTESIAN_POINT('',(57.,78.,30.898937225));
#1030 = VECTOR('',#1031,1.);
#1031 = DIRECTION('',(0.,0.,1.));
#1032 = ORIENTED_EDGE('',*,*,#1033,.T.);
#1033 = EDGE_CURVE('',#1026,#1034,#1036,.T.);
#1034 = VERTEX_POINT('',#1035);
#1035 = CARTESIAN_POINT('',(2.,78.,57.79787445));
#1036 = LINE('',#1037,#1038);
#1037 = CARTESIAN_POINT('',(1.,78.,57.79787445));
#1038 = VECTOR('',#1039,1.);
#1039 = DIRECTION('',(-1.,0.,0.));
#1040 = ORIENTED_EDGE('',*,*,#1041,.F.);
#1041 = EDGE_CURVE('',#1042,#1034,#1044,.T.);
#1042 = VERTEX_POINT('',#1043);
#1043 = CARTESIAN_POINT('',(2.,78.,55.242702));
#1044 = LINE('',#1045,#1046);
#1045 = CARTESIAN_POINT('',(2.,78.,2.));
#1046 = VECTOR('',#1047,1.);
#1047 = DIRECTION('',(0.,0.,1.));
#1048 = ORIENTED_EDGE('',*,*,#1049,.T.);
#1049 = EDGE_CURVE('',#1042,#1050,#1052,.T.);
#1050 = VERTEX_POINT('',#1051);
#1051 = CARTESIAN_POINT('',(59.,78.,55.242702));
#1052 = LINE('',#1053,#1054);
#1053 = CARTESIAN_POINT('',(1.,78.,55.242702));
#1054 = VECTOR('',#1055,1.);
#1055 = DIRECTION('',(1.,0.,0.));
#1056 = ORIENTED_EDGE('',*,*,#1057,.F.);
#1057 = EDGE_CURVE('',#1058,#1050,#1060,.T.);
#1058 = VERTEX_POINT('',#1059);
#1059 = CARTESIAN_POINT('',(59.,78.,52.99731));
#1060 = LINE('',#1061,#1062);
#1061 = CARTESIAN_POINT('',(59.,78.,28.060003));
#1062 = VECTOR('',#1063,1.);
#1063 = DIRECTION('',(0.,0.,1.));
#1064 = ORIENTED_EDGE('',*,*,#1065,.T.);
#1065 = EDGE_CURVE('',#1058,#1066,#1068,.T.);
#1066 = VERTEX_POINT('',#1067);
#1067 = CARTESIAN_POINT('',(2.,78.,52.99731));
#1068 = LINE('',#1069,#1070);
#1069 = CARTESIAN_POINT('',(1.,78.,52.99731));
#1070 = VECTOR('',#1071,1.);
#1071 = DIRECTION('',(-1.,0.,0.));
#1072 = ORIENTED_EDGE('',*,*,#1073,.F.);
#1073 = EDGE_CURVE('',#1074,#1066,#1076,.T.);
#1074 = VERTEX_POINT('',#1075);
#1075 = CARTESIAN_POINT('',(2.,78.,4.75559));
#1076 = LINE('',#1077,#1078);
#1077 = CARTESIAN_POINT('',(2.,78.,2.));
#1078 = VECTOR('',#1079,1.);
#1079 = DIRECTION('',(0.,0.,1.));
#1080 = ORIENTED_EDGE('',*,*,#1081,.F.);
#1081 = EDGE_CURVE('',#1082,#1074,#1084,.T.);
#1082 = VERTEX_POINT('',#1083);
#1083 = CARTESIAN_POINT('',(41.529784,78.,4.75559));
#1084 = LINE('',#1085,#1086);
#1085 = CARTESIAN_POINT('',(41.529784,78.,4.75559));
#1086 = VECTOR('',#1087,1.);
#1087 = DIRECTION('',(-1.,0.,0.));
#1088 = ORIENTED_EDGE('',*,*,#1089,.F.);
#1089 = EDGE_CURVE('',#1090,#1082,#1092,.T.);
#1090 = VERTEX_POINT('',#1091);
#1091 = CARTESIAN_POINT('',(41.529784,78.,3.25559));
#1092 = LINE('',#1093,#1094);
#1093 = CARTESIAN_POINT('',(41.529784,78.,3.25559));
#1094 = VECTOR('',#1095,1.);
#1095 = DIRECTION('',(0.,0.,1.));
#1096 = ORIENTED_EDGE('',*,*,#1097,.F.);
#1097 = EDGE_CURVE('',#921,#1090,#1098,.T.);
#1098 = LINE('',#1099,#1100);
#1099 = CARTESIAN_POINT('',(1.529784,78.,3.25559));
#1100 = VECTOR('',#1101,1.);
#1101 = DIRECTION('',(1.,0.,0.));
#1102 = PLANE('',#1103);
#1103 = AXIS2_PLACEMENT_3D('',#1104,#1105,#1106);
#1104 = CARTESIAN_POINT('',(0.,78.,2.));
#1105 = DIRECTION('',(0.,-1.,0.));
#1106 = DIRECTION('',(0.,0.,1.));
#1107 = ADVANCED_FACE('',(#1108),#1126,.T.);
#1108 = FACE_BOUND('',#1109,.T.);
#1109 = EDGE_LOOP('',(#1110,#1118,#1119,#1120));
#1110 = ORIENTED_EDGE('',*,*,#1111,.F.);
#1111 = EDGE_CURVE('',#986,#1112,#1114,.T.);
#1112 = VERTEX_POINT('',#1113);
#1113 = CARTESIAN_POINT('',(2.,77.940269,81.4));
#1114 = LINE('',#1115,#1116);
#1115 = CARTESIAN_POINT('',(2.,78.,81.4));
#1116 = VECTOR('',#1117,1.);
#1117 = DIRECTION('',(0.,-1.,0.));
#1118 = ORIENTED_EDGE('',*,*,#985,.T.);
#1119 = ORIENTED_EDGE('',*,*,#507,.T.);
#1120 = ORIENTED_EDGE('',*,*,#1121,.F.);
#1121 = EDGE_CURVE('',#1112,#500,#1122,.T.);
#1122 = LINE('',#1123,#1124);
#1123 = CARTESIAN_POINT('',(30.,77.940269,81.4));
#1124 = VECTOR('',#1125,1.);
#1125 = DIRECTION('',(1.,0.,0.));
#1126 = PLANE('',#1127);
#1127 = AXIS2_PLACEMENT_3D('',#1128,#1129,#1130);
#1128 = CARTESIAN_POINT('',(0.,78.,81.4));
#1129 = DIRECTION('',(0.,0.,-1.));
#1130 = DIRECTION('',(0.,-1.,0.));
#1131 = ADVANCED_FACE('',(#1132),#1150,.F.);
#1132 = FACE_BOUND('',#1133,.F.);
#1133 = EDGE_LOOP('',(#1134,#1135,#1136,#1144));
#1134 = ORIENTED_EDGE('',*,*,#499,.F.);
#1135 = ORIENTED_EDGE('',*,*,#1121,.F.);
#1136 = ORIENTED_EDGE('',*,*,#1137,.T.);
#1137 = EDGE_CURVE('',#1112,#1138,#1140,.T.);
#1138 = VERTEX_POINT('',#1139);
#1139 = CARTESIAN_POINT('',(2.,77.940269,83.975526));
#1140 = LINE('',#1141,#1142);
#1141 = CARTESIAN_POINT('',(2.,77.940269,81.375526));
#1142 = VECTOR('',#1143,1.);
#1143 = DIRECTION('',(0.,0.,1.));
#1144 = ORIENTED_EDGE('',*,*,#1145,.F.);
#1145 = EDGE_CURVE('',#492,#1138,#1146,.T.);
#1146 = LINE('',#1147,#1148);
#1147 = CARTESIAN_POINT('',(60.,77.940269,83.975526));
#1148 = VECTOR('',#1149,1.);
#1149 = DIRECTION('',(-1.,-0.,-0.));
#1150 = PLANE('',#1151);
#1151 = AXIS2_PLACEMENT_3D('',#1152,#1153,#1154);
#1152 = CARTESIAN_POINT('',(60.,77.940269,81.375526));
#1153 = DIRECTION('',(0.,1.,0.));
#1154 = DIRECTION('',(0.,0.,1.));
#1155 = ADVANCED_FACE('',(#1156,#1174),#1180,.F.);
#1156 = FACE_BOUND('',#1157,.F.);
#1157 = EDGE_LOOP('',(#1158,#1159,#1167,#1173));
#1158 = ORIENTED_EDGE('',*,*,#1145,.T.);
#1159 = ORIENTED_EDGE('',*,*,#1160,.T.);
#1160 = EDGE_CURVE('',#1138,#1161,#1163,.T.);
#1161 = VERTEX_POINT('',#1162);
#1162 = CARTESIAN_POINT('',(2.,2.128394,83.975526));
#1163 = LINE('',#1164,#1165);
#1164 = CARTESIAN_POINT('',(2.,77.940269,83.975526));
#1165 = VECTOR('',#1166,1.);
#1166 = DIRECTION('',(0.,-1.,0.));
#1167 = ORIENTED_EDGE('',*,*,#1168,.F.);
#1168 = EDGE_CURVE('',#484,#1161,#1169,.T.);
#1169 = LINE('',#1170,#1171);
#1170 = CARTESIAN_POINT('',(60.,2.128394,83.975526));
#1171 = VECTOR('',#1172,1.);
#1172 = DIRECTION('',(-1.,-0.,-0.));
#1173 = ORIENTED_EDGE('',*,*,#491,.F.);
#1174 = FACE_BOUND('',#1175,.F.);
#1175 = EDGE_LOOP('',(#1176,#1177,#1178,#1179));
#1176 = ORIENTED_EDGE('',*,*,#654,.F.);
#1177 = ORIENTED_EDGE('',*,*,#582,.F.);
#1178 = ORIENTED_EDGE('',*,*,#613,.F.);
#1179 = ORIENTED_EDGE('',*,*,#637,.F.);
#1180 = PLANE('',#1181);
#1181 = AXIS2_PLACEMENT_3D('',#1182,#1183,#1184);
#1182 = CARTESIAN_POINT('',(60.,77.940269,83.975526));
#1183 = DIRECTION('',(0.,0.,1.));
#1184 = DIRECTION('',(0.,-1.,0.));
#1185 = ADVANCED_FACE('',(#1186),#1220,.F.);
#1186 = FACE_BOUND('',#1187,.F.);
#1187 = EDGE_LOOP('',(#1188,#1189,#1190,#1198,#1206,#1214));
#1188 = ORIENTED_EDGE('',*,*,#483,.F.);
#1189 = ORIENTED_EDGE('',*,*,#1168,.T.);
#1190 = ORIENTED_EDGE('',*,*,#1191,.T.);
#1191 = EDGE_CURVE('',#1161,#1192,#1194,.T.);
#1192 = VERTEX_POINT('',#1193);
#1193 = CARTESIAN_POINT('',(2.,2.128394,83.874298));
#1194 = LINE('',#1195,#1196);
#1195 = CARTESIAN_POINT('',(2.,2.128394,83.975526));
#1196 = VECTOR('',#1197,1.);
#1197 = DIRECTION('',(0.,0.,-1.));
#1198 = ORIENTED_EDGE('',*,*,#1199,.T.);
#1199 = EDGE_CURVE('',#1192,#1200,#1202,.T.);
#1200 = VERTEX_POINT('',#1201);
#1201 = CARTESIAN_POINT('',(59.9,2.128394,83.874298));
#1202 = LINE('',#1203,#1204);
#1203 = CARTESIAN_POINT('',(31.,2.128394,83.874298));
#1204 = VECTOR('',#1205,1.);
#1205 = DIRECTION('',(1.,0.,0.));
#1206 = ORIENTED_EDGE('',*,*,#1207,.F.);
#1207 = EDGE_CURVE('',#1208,#1200,#1210,.T.);
#1208 = VERTEX_POINT('',#1209);
#1209 = CARTESIAN_POINT('',(59.9,2.128394,81.4));
#1210 = LINE('',#1211,#1212);
#1211 = CARTESIAN_POINT('',(59.9,2.128394,83.274912));
#1212 = VECTOR('',#1213,1.);
#1213 = DIRECTION('',(0.,0.,1.));
#1214 = ORIENTED_EDGE('',*,*,#1215,.F.);
#1215 = EDGE_CURVE('',#476,#1208,#1216,.T.);
#1216 = LINE('',#1217,#1218);
#1217 = CARTESIAN_POINT('',(30.,2.128394,81.4));
#1218 = VECTOR('',#1219,1.);
#1219 = DIRECTION('',(-1.,-0.,-0.));
#1220 = PLANE('',#1221);
#1221 = AXIS2_PLACEMENT_3D('',#1222,#1223,#1224);
#1222 = CARTESIAN_POINT('',(60.,2.128394,83.975526));
#1223 = DIRECTION('',(0.,-1.,0.));
#1224 = DIRECTION('',(0.,0.,-1.));
#1225 = ADVANCED_FACE('',(#1226),#1237,.T.);
#1226 = FACE_BOUND('',#1227,.T.);
#1227 = EDGE_LOOP('',(#1228,#1234,#1235,#1236));
#1228 = ORIENTED_EDGE('',*,*,#1229,.F.);
#1229 = EDGE_CURVE('',#1208,#688,#1230,.T.);
#1230 = LINE('',#1231,#1232);
#1231 = CARTESIAN_POINT('',(59.9,40.5458105,81.4));
#1232 = VECTOR('',#1233,1.);
#1233 = DIRECTION('',(0.,-1.,0.));
#1234 = ORIENTED_EDGE('',*,*,#1215,.F.);
#1235 = ORIENTED_EDGE('',*,*,#475,.T.);
#1236 = ORIENTED_EDGE('',*,*,#695,.F.);
#1237 = PLANE('',#1238);
#1238 = AXIS2_PLACEMENT_3D('',#1239,#1240,#1241);
#1239 = CARTESIAN_POINT('',(0.,78.,81.4));
#1240 = DIRECTION('',(0.,0.,-1.));
#1241 = DIRECTION('',(0.,-1.,0.));
#1242 = ADVANCED_FACE('',(#1243,#1389),#1423,.T.);
#1243 = FACE_BOUND('',#1244,.T.);
#1244 = EDGE_LOOP('',(#1245,#1251,#1252,#1260,#1268,#1276,#1284,#1292,
    #1300,#1306,#1307,#1308,#1309,#1310,#1311,#1319,#1327,#1333,#1334,
    #1342,#1350,#1358,#1366,#1374,#1382,#1388));
#1245 = ORIENTED_EDGE('',*,*,#1246,.F.);
#1246 = EDGE_CURVE('',#1042,#735,#1247,.T.);
#1247 = LINE('',#1248,#1249);
#1248 = CARTESIAN_POINT('',(2.,78.097153,55.242702));
#1249 = VECTOR('',#1250,1.);
#1250 = DIRECTION('',(0.,-1.,0.));
#1251 = ORIENTED_EDGE('',*,*,#1041,.T.);
#1252 = ORIENTED_EDGE('',*,*,#1253,.F.);
#1253 = EDGE_CURVE('',#1254,#1034,#1256,.T.);
#1254 = VERTEX_POINT('',#1255);
#1255 = CARTESIAN_POINT('',(2.,75.205292387623,57.79787445));
#1256 = LINE('',#1257,#1258);
#1257 = CARTESIAN_POINT('',(2.,75.205292387623,57.79787445));
#1258 = VECTOR('',#1259,1.);
#1259 = DIRECTION('',(0.,1.,0.));
#1260 = ORIENTED_EDGE('',*,*,#1261,.F.);
#1261 = EDGE_CURVE('',#1262,#1254,#1264,.T.);
#1262 = VERTEX_POINT('',#1263);
#1263 = CARTESIAN_POINT('',(2.,75.205292387623,58.8194695));
#1264 = LINE('',#1265,#1266);
#1265 = CARTESIAN_POINT('',(2.,75.205292387623,61.79787445));
#1266 = VECTOR('',#1267,1.);
#1267 = DIRECTION('',(0.,0.,-1.));
#1268 = ORIENTED_EDGE('',*,*,#1269,.T.);
#1269 = EDGE_CURVE('',#1262,#1270,#1272,.T.);
#1270 = VERTEX_POINT('',#1271);
#1271 = CARTESIAN_POINT('',(2.,78.049187,58.8194695));
#1272 = LINE('',#1273,#1274);
#1273 = CARTESIAN_POINT('',(2.,75.049187,58.8194695));
#1274 = VECTOR('',#1275,1.);
#1275 = DIRECTION('',(0.,1.,0.));
#1276 = ORIENTED_EDGE('',*,*,#1277,.T.);
#1277 = EDGE_CURVE('',#1270,#1278,#1280,.T.);
#1278 = VERTEX_POINT('',#1279);
#1279 = CARTESIAN_POINT('',(2.,78.049187,60.8194695));
#1280 = LINE('',#1281,#1282);
#1281 = CARTESIAN_POINT('',(2.,78.049187,58.8194695));
#1282 = VECTOR('',#1283,1.);
#1283 = DIRECTION('',(0.,0.,1.));
#1284 = ORIENTED_EDGE('',*,*,#1285,.T.);
#1285 = EDGE_CURVE('',#1278,#1286,#1288,.T.);
#1286 = VERTEX_POINT('',#1287);
#1287 = CARTESIAN_POINT('',(2.,75.205292387623,60.8194695));
#1288 = LINE('',#1289,#1290);
#1289 = CARTESIAN_POINT('',(2.,78.049187,60.8194695));
#1290 = VECTOR('',#1291,1.);
#1291 = DIRECTION('',(0.,-1.,0.));
#1292 = ORIENTED_EDGE('',*,*,#1293,.F.);
#1293 = EDGE_CURVE('',#1294,#1286,#1296,.T.);
#1294 = VERTEX_POINT('',#1295);
#1295 = CARTESIAN_POINT('',(2.,75.205292387623,61.79787445));
#1296 = LINE('',#1297,#1298);
#1297 = CARTESIAN_POINT('',(2.,75.205292387623,61.79787445));
#1298 = VECTOR('',#1299,1.);
#1299 = DIRECTION('',(0.,0.,-1.));
#1300 = ORIENTED_EDGE('',*,*,#1301,.F.);
#1301 = EDGE_CURVE('',#994,#1294,#1302,.T.);
#1302 = LINE('',#1303,#1304);
#1303 = CARTESIAN_POINT('',(2.,78.205292387623,61.79787445));
#1304 = VECTOR('',#1305,1.);
#1305 = DIRECTION('',(0.,-1.,0.));
#1306 = ORIENTED_EDGE('',*,*,#993,.T.);
#1307 = ORIENTED_EDGE('',*,*,#1111,.T.);
#1308 = ORIENTED_EDGE('',*,*,#1137,.T.);
#1309 = ORIENTED_EDGE('',*,*,#1160,.T.);
#1310 = ORIENTED_EDGE('',*,*,#1191,.T.);
#1311 = ORIENTED_EDGE('',*,*,#1312,.F.);
#1312 = EDGE_CURVE('',#1313,#1192,#1315,.T.);
#1313 = VERTEX_POINT('',#1314);
#1314 = CARTESIAN_POINT('',(2.,4.391621,83.874298));
#1315 = LINE('',#1316,#1317);
#1316 = CARTESIAN_POINT('',(2.,4.391621,83.874298));
#1317 = VECTOR('',#1318,1.);
#1318 = DIRECTION('',(0.,-1.,0.));
#1319 = ORIENTED_EDGE('',*,*,#1320,.F.);
#1320 = EDGE_CURVE('',#1321,#1313,#1323,.T.);
#1321 = VERTEX_POINT('',#1322);
#1322 = CARTESIAN_POINT('',(2.,4.391621,81.274298));
#1323 = LINE('',#1324,#1325);
#1324 = CARTESIAN_POINT('',(2.,4.391621,81.274298));
#1325 = VECTOR('',#1326,1.);
#1326 = DIRECTION('',(0.,0.,1.));
#1327 = ORIENTED_EDGE('',*,*,#1328,.F.);
#1328 = EDGE_CURVE('',#670,#1321,#1329,.T.);
#1329 = LINE('',#1330,#1331);
#1330 = CARTESIAN_POINT('',(2.,1.791621,81.274298));
#1331 = VECTOR('',#1332,1.);
#1332 = DIRECTION('',(0.,1.,0.));
#1333 = ORIENTED_EDGE('',*,*,#669,.T.);
#1334 = ORIENTED_EDGE('',*,*,#1335,.F.);
#1335 = EDGE_CURVE('',#1336,#672,#1338,.T.);
#1336 = VERTEX_POINT('',#1337);
#1337 = CARTESIAN_POINT('',(2.,4.679068612377,61.3987));
#1338 = LINE('',#1339,#1340);
#1339 = CARTESIAN_POINT('',(2.,4.679068612377,61.3987));
#1340 = VECTOR('',#1341,1.);
#1341 = DIRECTION('',(0.,-1.,0.));
#1342 = ORIENTED_EDGE('',*,*,#1343,.F.);
#1343 = EDGE_CURVE('',#1344,#1336,#1346,.T.);
#1344 = VERTEX_POINT('',#1345);
#1345 = CARTESIAN_POINT('',(2.,4.679068612377,60.389767));
#1346 = LINE('',#1347,#1348);
#1347 = CARTESIAN_POINT('',(2.,4.679068612377,57.3987));
#1348 = VECTOR('',#1349,1.);
#1349 = DIRECTION('',(0.,0.,1.));
#1350 = ORIENTED_EDGE('',*,*,#1351,.T.);
#1351 = EDGE_CURVE('',#1344,#1352,#1354,.T.);
#1352 = VERTEX_POINT('',#1353);
#1353 = CARTESIAN_POINT('',(2.,1.679417612377,60.389767));
#1354 = LINE('',#1355,#1356);
#1355 = CARTESIAN_POINT('',(2.,4.679417612377,60.389767));
#1356 = VECTOR('',#1357,1.);
#1357 = DIRECTION('',(0.,-1.,0.));
#1358 = ORIENTED_EDGE('',*,*,#1359,.T.);
#1359 = EDGE_CURVE('',#1352,#1360,#1362,.T.);
#1360 = VERTEX_POINT('',#1361);
#1361 = CARTESIAN_POINT('',(2.,1.679417612377,58.389767));
#1362 = LINE('',#1363,#1364);
#1363 = CARTESIAN_POINT('',(2.,1.679417612377,60.389767));
#1364 = VECTOR('',#1365,1.);
#1365 = DIRECTION('',(0.,0.,-1.));
#1366 = ORIENTED_EDGE('',*,*,#1367,.T.);
#1367 = EDGE_CURVE('',#1360,#1368,#1370,.T.);
#1368 = VERTEX_POINT('',#1369);
#1369 = CARTESIAN_POINT('',(2.,4.679068612377,58.389767));
#1370 = LINE('',#1371,#1372);
#1371 = CARTESIAN_POINT('',(2.,1.679417612377,58.389767));
#1372 = VECTOR('',#1373,1.);
#1373 = DIRECTION('',(0.,1.,0.));
#1374 = ORIENTED_EDGE('',*,*,#1375,.F.);
#1375 = EDGE_CURVE('',#1376,#1368,#1378,.T.);
#1376 = VERTEX_POINT('',#1377);
#1377 = CARTESIAN_POINT('',(2.,4.679068612377,57.3987));
#1378 = LINE('',#1379,#1380);
#1379 = CARTESIAN_POINT('',(2.,4.679068612377,57.3987));
#1380 = VECTOR('',#1381,1.);
#1381 = DIRECTION('',(0.,0.,1.));
#1382 = ORIENTED_EDGE('',*,*,#1383,.F.);
#1383 = EDGE_CURVE('',#743,#1376,#1384,.T.);
#1384 = LINE('',#1385,#1386);
#1385 = CARTESIAN_POINT('',(2.,1.679068612377,57.3987));
#1386 = VECTOR('',#1387,1.);
#1387 = DIRECTION('',(0.,1.,0.));
#1388 = ORIENTED_EDGE('',*,*,#742,.T.);
#1389 = FACE_BOUND('',#1390,.T.);
#1390 = EDGE_LOOP('',(#1391,#1401,#1409,#1417));
#1391 = ORIENTED_EDGE('',*,*,#1392,.F.);
#1392 = EDGE_CURVE('',#1393,#1395,#1397,.T.);
#1393 = VERTEX_POINT('',#1394);
#1394 = CARTESIAN_POINT('',(2.,77.85173,83.814224));
#1395 = VERTEX_POINT('',#1396);
#1396 = CARTESIAN_POINT('',(2.,75.25173,83.814224));
#1397 = LINE('',#1398,#1399);
#1398 = CARTESIAN_POINT('',(2.,77.85173,83.814224));
#1399 = VECTOR('',#1400,1.);
#1400 = DIRECTION('',(0.,-1.,0.));
#1401 = ORIENTED_EDGE('',*,*,#1402,.F.);
#1402 = EDGE_CURVE('',#1403,#1393,#1405,.T.);
#1403 = VERTEX_POINT('',#1404);
#1404 = CARTESIAN_POINT('',(2.,77.85173,81.214224));
#1405 = LINE('',#1406,#1407);
#1406 = CARTESIAN_POINT('',(2.,77.85173,81.214224));
#1407 = VECTOR('',#1408,1.);
#1408 = DIRECTION('',(0.,0.,1.));
#1409 = ORIENTED_EDGE('',*,*,#1410,.F.);
#1410 = EDGE_CURVE('',#1411,#1403,#1413,.T.);
#1411 = VERTEX_POINT('',#1412);
#1412 = CARTESIAN_POINT('',(2.,75.25173,81.214224));
#1413 = LINE('',#1414,#1415);
#1414 = CARTESIAN_POINT('',(2.,75.25173,81.214224));
#1415 = VECTOR('',#1416,1.);
#1416 = DIRECTION('',(0.,1.,0.));
#1417 = ORIENTED_EDGE('',*,*,#1418,.F.);
#1418 = EDGE_CURVE('',#1395,#1411,#1419,.T.);
#1419 = LINE('',#1420,#1421);
#1420 = CARTESIAN_POINT('',(2.,75.25173,83.814224));
#1421 = VECTOR('',#1422,1.);
#1422 = DIRECTION('',(0.,0.,-1.));
#1423 = PLANE('',#1424);
#1424 = AXIS2_PLACEMENT_3D('',#1425,#1426,#1427);
#1425 = CARTESIAN_POINT('',(2.,39.300950445925,68.897644866622));
#1426 = DIRECTION('',(1.,0.,0.));
#1427 = DIRECTION('',(0.,0.,1.));
#1428 = ADVANCED_FACE('',(#1429),#1447,.T.);
#1429 = FACE_BOUND('',#1430,.T.);
#1430 = EDGE_LOOP('',(#1431,#1432,#1440,#1446));
#1431 = ORIENTED_EDGE('',*,*,#782,.F.);
#1432 = ORIENTED_EDGE('',*,*,#1433,.F.);
#1433 = EDGE_CURVE('',#1434,#775,#1436,.T.);
#1434 = VERTEX_POINT('',#1435);
#1435 = CARTESIAN_POINT('',(57.,4.679068612377,61.3987));
#1436 = LINE('',#1437,#1438);
#1437 = CARTESIAN_POINT('',(57.,4.679068612377,61.3987));
#1438 = VECTOR('',#1439,1.);
#1439 = DIRECTION('',(0.,-1.,0.));
#1440 = ORIENTED_EDGE('',*,*,#1441,.F.);
#1441 = EDGE_CURVE('',#1336,#1434,#1442,.T.);
#1442 = LINE('',#1443,#1444);
#1443 = CARTESIAN_POINT('',(2.,4.679068612377,61.3987));
#1444 = VECTOR('',#1445,1.);
#1445 = DIRECTION('',(1.,0.,0.));
#1446 = ORIENTED_EDGE('',*,*,#1335,.T.);
#1447 = PLANE('',#1448);
#1448 = AXIS2_PLACEMENT_3D('',#1449,#1450,#1451);
#1449 = CARTESIAN_POINT('',(29.5,3.339534306188,61.3987));
#1450 = DIRECTION('',(0.,0.,1.));
#1451 = DIRECTION('',(1.,0.,0.));
#1452 = ADVANCED_FACE('',(#1453),#1471,.T.);
#1453 = FACE_BOUND('',#1454,.T.);
#1454 = EDGE_LOOP('',(#1455,#1456,#1457,#1465));
#1455 = ORIENTED_EDGE('',*,*,#1433,.T.);
#1456 = ORIENTED_EDGE('',*,*,#774,.T.);
#1457 = ORIENTED_EDGE('',*,*,#1458,.F.);
#1458 = EDGE_CURVE('',#1459,#767,#1461,.T.);
#1459 = VERTEX_POINT('',#1460);
#1460 = CARTESIAN_POINT('',(57.,4.679068612377,60.389767));
#1461 = LINE('',#1462,#1463);
#1462 = CARTESIAN_POINT('',(57.,4.679417612377,60.389767));
#1463 = VECTOR('',#1464,1.);
#1464 = DIRECTION('',(0.,-1.,0.));
#1465 = ORIENTED_EDGE('',*,*,#1466,.T.);
#1466 = EDGE_CURVE('',#1459,#1434,#1467,.T.);
#1467 = LINE('',#1468,#1469);
#1468 = CARTESIAN_POINT('',(57.,4.679068612377,57.3987));
#1469 = VECTOR('',#1470,1.);
#1470 = DIRECTION('',(0.,0.,1.));
#1471 = PLANE('',#1472);
#1472 = AXIS2_PLACEMENT_3D('',#1473,#1474,#1475);
#1473 = CARTESIAN_POINT('',(57.,3.179068612377,59.3987));
#1474 = DIRECTION('',(1.,0.,0.));
#1475 = DIRECTION('',(0.,0.,1.));
#1476 = ADVANCED_FACE('',(#1477),#1502,.F.);
#1477 = FACE_BOUND('',#1478,.F.);
#1478 = EDGE_LOOP('',(#1479,#1487,#1488,#1496));
#1479 = ORIENTED_EDGE('',*,*,#1480,.T.);
#1480 = EDGE_CURVE('',#1481,#759,#1483,.T.);
#1481 = VERTEX_POINT('',#1482);
#1482 = CARTESIAN_POINT('',(57.,1.679417612377,58.389767));
#1483 = LINE('',#1484,#1485);
#1484 = CARTESIAN_POINT('',(57.,1.679417612377,58.389767));
#1485 = VECTOR('',#1486,1.);
#1486 = DIRECTION('',(0.,1.,0.));
#1487 = ORIENTED_EDGE('',*,*,#766,.F.);
#1488 = ORIENTED_EDGE('',*,*,#1489,.T.);
#1489 = EDGE_CURVE('',#767,#1490,#1492,.T.);
#1490 = VERTEX_POINT('',#1491);
#1491 = CARTESIAN_POINT('',(57.,1.679417612377,60.389767));
#1492 = LINE('',#1493,#1494);
#1493 = CARTESIAN_POINT('',(57.,4.679417612377,60.389767));
#1494 = VECTOR('',#1495,1.);
#1495 = DIRECTION('',(0.,-1.,0.));
#1496 = ORIENTED_EDGE('',*,*,#1497,.T.);
#1497 = EDGE_CURVE('',#1490,#1481,#1498,.T.);
#1498 = LINE('',#1499,#1500);
#1499 = CARTESIAN_POINT('',(57.,1.679417612377,60.389767));
#1500 = VECTOR('',#1501,1.);
#1501 = DIRECTION('',(0.,0.,-1.));
#1502 = PLANE('',#1503);
#1503 = AXIS2_PLACEMENT_3D('',#1504,#1505,#1506);
#1504 = CARTESIAN_POINT('',(57.,3.179417612377,59.389767));
#1505 = DIRECTION('',(1.,0.,0.));
#1506 = DIRECTION('',(0.,0.,1.));
#1507 = ADVANCED_FACE('',(#1508),#1533,.T.);
#1508 = FACE_BOUND('',#1509,.T.);
#1509 = EDGE_LOOP('',(#1510,#1518,#1519,#1527));
#1510 = ORIENTED_EDGE('',*,*,#1511,.F.);
#1511 = EDGE_CURVE('',#759,#1512,#1514,.T.);
#1512 = VERTEX_POINT('',#1513);
#1513 = CARTESIAN_POINT('',(57.,4.679068612377,58.389767));
#1514 = LINE('',#1515,#1516);
#1515 = CARTESIAN_POINT('',(57.,1.679417612377,58.389767));
#1516 = VECTOR('',#1517,1.);
#1517 = DIRECTION('',(0.,1.,0.));
#1518 = ORIENTED_EDGE('',*,*,#758,.T.);
#1519 = ORIENTED_EDGE('',*,*,#1520,.T.);
#1520 = EDGE_CURVE('',#751,#1521,#1523,.T.);
#1521 = VERTEX_POINT('',#1522);
#1522 = CARTESIAN_POINT('',(57.,4.679068612377,57.3987));
#1523 = LINE('',#1524,#1525);
#1524 = CARTESIAN_POINT('',(57.,1.679068612377,57.3987));
#1525 = VECTOR('',#1526,1.);
#1526 = DIRECTION('',(0.,1.,0.));
#1527 = ORIENTED_EDGE('',*,*,#1528,.T.);
#1528 = EDGE_CURVE('',#1521,#1512,#1529,.T.);
#1529 = LINE('',#1530,#1531);
#1530 = CARTESIAN_POINT('',(57.,4.679068612377,57.3987));
#1531 = VECTOR('',#1532,1.);
#1532 = DIRECTION('',(0.,0.,1.));
#1533 = PLANE('',#1534);
#1534 = AXIS2_PLACEMENT_3D('',#1535,#1536,#1537);
#1535 = CARTESIAN_POINT('',(57.,3.179068612377,59.3987));
#1536 = DIRECTION('',(1.,0.,0.));
#1537 = DIRECTION('',(0.,0.,1.));
#1538 = ADVANCED_FACE('',(#1539),#1550,.T.);
#1539 = FACE_BOUND('',#1540,.T.);
#1540 = EDGE_LOOP('',(#1541,#1542,#1548,#1549));
#1541 = ORIENTED_EDGE('',*,*,#1383,.T.);
#1542 = ORIENTED_EDGE('',*,*,#1543,.T.);
#1543 = EDGE_CURVE('',#1376,#1521,#1544,.T.);
#1544 = LINE('',#1545,#1546);
#1545 = CARTESIAN_POINT('',(2.,4.679068612377,57.3987));
#1546 = VECTOR('',#1547,1.);
#1547 = DIRECTION('',(1.,0.,0.));
#1548 = ORIENTED_EDGE('',*,*,#1520,.F.);
#1549 = ORIENTED_EDGE('',*,*,#750,.F.);
#1550 = PLANE('',#1551);
#1551 = AXIS2_PLACEMENT_3D('',#1552,#1553,#1554);
#1552 = CARTESIAN_POINT('',(29.5,3.339534306188,57.3987));
#1553 = DIRECTION('',(-0.,-0.,-1.));
#1554 = DIRECTION('',(-1.,0.,0.));
#1555 = ADVANCED_FACE('',(#1556),#1584,.F.);
#1556 = FACE_BOUND('',#1557,.F.);
#1557 = EDGE_LOOP('',(#1558,#1559,#1560,#1568,#1577,#1583));
#1558 = ORIENTED_EDGE('',*,*,#1246,.F.);
#1559 = ORIENTED_EDGE('',*,*,#1049,.T.);
#1560 = ORIENTED_EDGE('',*,*,#1561,.T.);
#1561 = EDGE_CURVE('',#1050,#1562,#1564,.T.);
#1562 = VERTEX_POINT('',#1563);
#1563 = CARTESIAN_POINT('',(59.,43.190314608149,55.242702));
#1564 = LINE('',#1565,#1566);
#1565 = CARTESIAN_POINT('',(59.,78.097153,55.242702));
#1566 = VECTOR('',#1567,1.);
#1567 = DIRECTION('',(0.,-1.,0.));
#1568 = ORIENTED_EDGE('',*,*,#1569,.T.);
#1569 = EDGE_CURVE('',#1562,#1570,#1572,.T.);
#1570 = VERTEX_POINT('',#1571);
#1571 = CARTESIAN_POINT('',(59.,37.198429391851,55.242702));
#1572 = CIRCLE('',#1573,3.);
#1573 = AXIS2_PLACEMENT_3D('',#1574,#1575,#1576);
#1574 = CARTESIAN_POINT('',(58.844026,40.194372,55.242702));
#1575 = DIRECTION('',(0.,0.,1.));
#1576 = DIRECTION('',(1.,0.,0.));
#1577 = ORIENTED_EDGE('',*,*,#1578,.T.);
#1578 = EDGE_CURVE('',#1570,#727,#1579,.T.);
#1579 = LINE('',#1580,#1581);
#1580 = CARTESIAN_POINT('',(59.,78.097153,55.242702));
#1581 = VECTOR('',#1582,1.);
#1582 = DIRECTION('',(0.,-1.,0.));
#1583 = ORIENTED_EDGE('',*,*,#734,.T.);
#1584 = PLANE('',#1585);
#1585 = AXIS2_PLACEMENT_3D('',#1586,#1587,#1588);
#1586 = CARTESIAN_POINT('',(2.,78.097153,55.242702));
#1587 = DIRECTION('',(0.,0.,-1.));
#1588 = DIRECTION('',(0.,-1.,0.));
#1589 = ADVANCED_FACE('',(#1590),#1608,.T.);
#1590 = FACE_BOUND('',#1591,.T.);
#1591 = EDGE_LOOP('',(#1592,#1593,#1594,#1602));
#1592 = ORIENTED_EDGE('',*,*,#1578,.T.);
#1593 = ORIENTED_EDGE('',*,*,#726,.T.);
#1594 = ORIENTED_EDGE('',*,*,#1595,.T.);
#1595 = EDGE_CURVE('',#719,#1596,#1598,.T.);
#1596 = VERTEX_POINT('',#1597);
#1597 = CARTESIAN_POINT('',(59.,37.198429391851,52.99731));
#1598 = LINE('',#1599,#1600);
#1599 = CARTESIAN_POINT('',(59.,1.914178,52.99731));
#1600 = VECTOR('',#1601,1.);
#1601 = DIRECTION('',(0.,1.,0.));
#1602 = ORIENTED_EDGE('',*,*,#1603,.F.);
#1603 = EDGE_CURVE('',#1570,#1596,#1604,.T.);
#1604 = LINE('',#1605,#1606);
#1605 = CARTESIAN_POINT('',(59.,37.198429391851,55.242702));
#1606 = VECTOR('',#1607,1.);
#1607 = DIRECTION('',(-0.,-0.,-1.));
#1608 = PLANE('',#1609);
#1609 = AXIS2_PLACEMENT_3D('',#1610,#1611,#1612);
#1610 = CARTESIAN_POINT('',(59.,40.0056655,54.120006));
#1611 = DIRECTION('',(1.,0.,0.));
#1612 = DIRECTION('',(0.,0.,1.));
#1613 = ADVANCED_FACE('',(#1614),#1640,.F.);
#1614 = FACE_BOUND('',#1615,.F.);
#1615 = EDGE_LOOP('',(#1616,#1622,#1623,#1624,#1633,#1639));
#1616 = ORIENTED_EDGE('',*,*,#1617,.F.);
#1617 = EDGE_CURVE('',#711,#1066,#1618,.T.);
#1618 = LINE('',#1619,#1620);
#1619 = CARTESIAN_POINT('',(2.,1.914178,52.99731));
#1620 = VECTOR('',#1621,1.);
#1621 = DIRECTION('',(0.,1.,0.));
#1622 = ORIENTED_EDGE('',*,*,#718,.T.);
#1623 = ORIENTED_EDGE('',*,*,#1595,.T.);
#1624 = ORIENTED_EDGE('',*,*,#1625,.T.);
#1625 = EDGE_CURVE('',#1596,#1626,#1628,.T.);
#1626 = VERTEX_POINT('',#1627);
#1627 = CARTESIAN_POINT('',(59.,43.190314608149,52.99731));
#1628 = CIRCLE('',#1629,3.);
#1629 = AXIS2_PLACEMENT_3D('',#1630,#1631,#1632);
#1630 = CARTESIAN_POINT('',(58.844026,40.194372,52.99731));
#1631 = DIRECTION('',(0.,0.,-1.));
#1632 = DIRECTION('',(1.,0.,0.));
#1633 = ORIENTED_EDGE('',*,*,#1634,.T.);
#1634 = EDGE_CURVE('',#1626,#1058,#1635,.T.);
#1635 = LINE('',#1636,#1637);
#1636 = CARTESIAN_POINT('',(59.,1.914178,52.99731));
#1637 = VECTOR('',#1638,1.);
#1638 = DIRECTION('',(0.,1.,0.));
#1639 = ORIENTED_EDGE('',*,*,#1065,.T.);
#1640 = PLANE('',#1641);
#1641 = AXIS2_PLACEMENT_3D('',#1642,#1643,#1644);
#1642 = CARTESIAN_POINT('',(2.,1.914178,52.99731));
#1643 = DIRECTION('',(0.,0.,1.));
#1644 = DIRECTION('',(0.,1.,0.));
#1645 = ADVANCED_FACE('',(#1646),#1675,.T.);
#1646 = FACE_BOUND('',#1647,.T.);
#1647 = EDGE_LOOP('',(#1648,#1649,#1650,#1658,#1666,#1672,#1673,#1674));
#1648 = ORIENTED_EDGE('',*,*,#864,.T.);
#1649 = ORIENTED_EDGE('',*,*,#920,.T.);
#1650 = ORIENTED_EDGE('',*,*,#1651,.T.);
#1651 = EDGE_CURVE('',#921,#1652,#1654,.T.);
#1652 = VERTEX_POINT('',#1653);
#1653 = CARTESIAN_POINT('',(2.,68.,3.25559));
#1654 = LINE('',#1655,#1656);
#1655 = CARTESIAN_POINT('',(2.,59.,3.25559));
#1656 = VECTOR('',#1657,1.);
#1657 = DIRECTION('',(0.,-1.,2.2E-16));
#1658 = ORIENTED_EDGE('',*,*,#1659,.T.);
#1659 = EDGE_CURVE('',#1652,#1660,#1662,.T.);
#1660 = VERTEX_POINT('',#1661);
#1661 = CARTESIAN_POINT('',(2.,68.,4.75559));
#1662 = LINE('',#1663,#1664);
#1663 = CARTESIAN_POINT('',(2.,68.,22.852795));
#1664 = VECTOR('',#1665,1.);
#1665 = DIRECTION('',(0.,0.,1.));
#1666 = ORIENTED_EDGE('',*,*,#1667,.T.);
#1667 = EDGE_CURVE('',#1660,#1074,#1668,.T.);
#1668 = LINE('',#1669,#1670);
#1669 = CARTESIAN_POINT('',(2.,59.,4.75559));
#1670 = VECTOR('',#1671,1.);
#1671 = DIRECTION('',(0.,1.,-2.2E-16));
#1672 = ORIENTED_EDGE('',*,*,#1073,.T.);
#1673 = ORIENTED_EDGE('',*,*,#1617,.F.);
#1674 = ORIENTED_EDGE('',*,*,#710,.T.);
#1675 = PLANE('',#1676);
#1676 = AXIS2_PLACEMENT_3D('',#1677,#1678,#1679);
#1677 = CARTESIAN_POINT('',(2.,40.,41.7));
#1678 = DIRECTION('',(1.,0.,0.));
#1679 = DIRECTION('',(0.,0.,1.));
#1680 = ADVANCED_FACE('',(#1681,#1708),#1719,.T.);
#1681 = FACE_BOUND('',#1682,.T.);
#1682 = EDGE_LOOP('',(#1683,#1691,#1692,#1693,#1694,#1702));
#1683 = ORIENTED_EDGE('',*,*,#1684,.T.);
#1684 = EDGE_CURVE('',#1685,#1200,#1687,.T.);
#1685 = VERTEX_POINT('',#1686);
#1686 = CARTESIAN_POINT('',(59.9,4.391621,83.874298));
#1687 = LINE('',#1688,#1689);
#1688 = CARTESIAN_POINT('',(59.9,4.391621,83.874298));
#1689 = VECTOR('',#1690,1.);
#1690 = DIRECTION('',(0.,-1.,0.));
#1691 = ORIENTED_EDGE('',*,*,#1207,.F.);
#1692 = ORIENTED_EDGE('',*,*,#1229,.T.);
#1693 = ORIENTED_EDGE('',*,*,#687,.T.);
#1694 = ORIENTED_EDGE('',*,*,#1695,.T.);
#1695 = EDGE_CURVE('',#680,#1696,#1698,.T.);
#1696 = VERTEX_POINT('',#1697);
#1697 = CARTESIAN_POINT('',(59.9,4.391621,81.274298));
#1698 = LINE('',#1699,#1700);
#1699 = CARTESIAN_POINT('',(59.9,1.791621,81.274298));
#1700 = VECTOR('',#1701,1.);
#1701 = DIRECTION('',(0.,1.,0.));
#1702 = ORIENTED_EDGE('',*,*,#1703,.T.);
#1703 = EDGE_CURVE('',#1696,#1685,#1704,.T.);
#1704 = LINE('',#1705,#1706);
#1705 = CARTESIAN_POINT('',(59.9,4.391621,81.274298));
#1706 = VECTOR('',#1707,1.);
#1707 = DIRECTION('',(0.,0.,1.));
#1708 = FACE_BOUND('',#1709,.T.);
#1709 = EDGE_LOOP('',(#1710));
#1710 = ORIENTED_EDGE('',*,*,#1711,.F.);
#1711 = EDGE_CURVE('',#1712,#1712,#1714,.T.);
#1712 = VERTEX_POINT('',#1713);
#1713 = CARTESIAN_POINT('',(59.9,4.136895,82.718443));
#1714 = CIRCLE('',#1715,0.90378);
#1715 = AXIS2_PLACEMENT_3D('',#1716,#1717,#1718);
#1716 = CARTESIAN_POINT('',(59.9,3.233115,82.718443));
#1717 = DIRECTION('',(1.,0.,0.));
#1718 = DIRECTION('',(0.,1.,0.));
#1719 = PLANE('',#1720);
#1720 = AXIS2_PLACEMENT_3D('',#1721,#1722,#1723);
#1721 = CARTESIAN_POINT('',(59.9,3.091621,82.574298));
#1722 = DIRECTION('',(1.,0.,0.));
#1723 = DIRECTION('',(0.,0.,1.));
#1724 = ADVANCED_FACE('',(#1725),#1736,.F.);
#1725 = FACE_BOUND('',#1726,.F.);
#1726 = EDGE_LOOP('',(#1727,#1728,#1729,#1730));
#1727 = ORIENTED_EDGE('',*,*,#1328,.F.);
#1728 = ORIENTED_EDGE('',*,*,#679,.T.);
#1729 = ORIENTED_EDGE('',*,*,#1695,.T.);
#1730 = ORIENTED_EDGE('',*,*,#1731,.F.);
#1731 = EDGE_CURVE('',#1321,#1696,#1732,.T.);
#1732 = LINE('',#1733,#1734);
#1733 = CARTESIAN_POINT('',(2.,4.391621,81.274298));
#1734 = VECTOR('',#1735,1.);
#1735 = DIRECTION('',(1.,0.,0.));
#1736 = PLANE('',#1737);
#1737 = AXIS2_PLACEMENT_3D('',#1738,#1739,#1740);
#1738 = CARTESIAN_POINT('',(2.,1.791621,81.274298));
#1739 = DIRECTION('',(0.,0.,1.));
#1740 = DIRECTION('',(0.,1.,0.));
#1741 = ADVANCED_FACE('',(#1742),#1767,.F.);
#1742 = FACE_BOUND('',#1743,.F.);
#1743 = EDGE_LOOP('',(#1744,#1752,#1760,#1766));
#1744 = ORIENTED_EDGE('',*,*,#1745,.T.);
#1745 = EDGE_CURVE('',#791,#1746,#1748,.T.);
#1746 = VERTEX_POINT('',#1747);
#1747 = CARTESIAN_POINT('',(59.992447,4.6,2.076051));
#1748 = LINE('',#1749,#1750);
#1749 = CARTESIAN_POINT('',(59.992447,2.,2.076051));
#1750 = VECTOR('',#1751,1.);
#1751 = DIRECTION('',(0.,1.,-2.22044604925E-16));
#1752 = ORIENTED_EDGE('',*,*,#1753,.T.);
#1753 = EDGE_CURVE('',#1746,#1754,#1756,.T.);
#1754 = VERTEX_POINT('',#1755);
#1755 = CARTESIAN_POINT('',(54.992447,4.6,2.076051));
#1756 = LINE('',#1757,#1758);
#1757 = CARTESIAN_POINT('',(59.992447,4.6,2.076051));
#1758 = VECTOR('',#1759,1.);
#1759 = DIRECTION('',(-1.,0.,0.));
#1760 = ORIENTED_EDGE('',*,*,#1761,.F.);
#1761 = EDGE_CURVE('',#793,#1754,#1762,.T.);
#1762 = LINE('',#1763,#1764);
#1763 = CARTESIAN_POINT('',(54.992447,2.,2.076051));
#1764 = VECTOR('',#1765,1.);
#1765 = DIRECTION('',(0.,1.,-2.22044604925E-16));
#1766 = ORIENTED_EDGE('',*,*,#790,.F.);
#1767 = PLANE('',#1768);
#1768 = AXIS2_PLACEMENT_3D('',#1769,#1770,#1771);
#1769 = CARTESIAN_POINT('',(59.992447,2.,2.076051));
#1770 = DIRECTION('',(0.,2.22044604925E-16,1.));
#1771 = DIRECTION('',(-1.,0.,0.));
#1772 = ADVANCED_FACE('',(#1773,#1791),#1802,.F.);
#1773 = FACE_BOUND('',#1774,.F.);
#1774 = EDGE_LOOP('',(#1775,#1783,#1789,#1790));
#1775 = ORIENTED_EDGE('',*,*,#1776,.T.);
#1776 = EDGE_CURVE('',#801,#1777,#1779,.T.);
#1777 = VERTEX_POINT('',#1778);
#1778 = CARTESIAN_POINT('',(59.992447,4.6,4.676051));
#1779 = LINE('',#1780,#1781);
#1780 = CARTESIAN_POINT('',(59.992447,2.,4.676051));
#1781 = VECTOR('',#1782,1.);
#1782 = DIRECTION('',(0.,1.,-2.22044604925E-16));
#1783 = ORIENTED_EDGE('',*,*,#1784,.T.);
#1784 = EDGE_CURVE('',#1777,#1746,#1785,.T.);
#1785 = LINE('',#1786,#1787);
#1786 = CARTESIAN_POINT('',(59.992447,4.6,4.676051));
#1787 = VECTOR('',#1788,1.);
#1788 = DIRECTION('',(0.,-2.22044604925E-16,-1.));
#1789 = ORIENTED_EDGE('',*,*,#1745,.F.);
#1790 = ORIENTED_EDGE('',*,*,#800,.F.);
#1791 = FACE_BOUND('',#1792,.F.);
#1792 = EDGE_LOOP('',(#1793));
#1793 = ORIENTED_EDGE('',*,*,#1794,.T.);
#1794 = EDGE_CURVE('',#1795,#1795,#1797,.T.);
#1795 = VERTEX_POINT('',#1796);
#1796 = CARTESIAN_POINT('',(59.992447,4.157233,3.356858));
#1797 = CIRCLE('',#1798,0.889657);
#1798 = AXIS2_PLACEMENT_3D('',#1799,#1800,#1801);
#1799 = CARTESIAN_POINT('',(59.992447,3.267576,3.356858));
#1800 = DIRECTION('',(1.,0.,0.));
#1801 = DIRECTION('',(0.,1.,0.));
#1802 = PLANE('',#1803);
#1803 = AXIS2_PLACEMENT_3D('',#1804,#1805,#1806);
#1804 = CARTESIAN_POINT('',(59.992447,2.,4.676051));
#1805 = DIRECTION('',(-1.,0.,0.));
#1806 = DIRECTION('',(0.,-2.22044604925E-16,-1.));
#1807 = ADVANCED_FACE('',(#1808),#1826,.F.);
#1808 = FACE_BOUND('',#1809,.F.);
#1809 = EDGE_LOOP('',(#1810,#1811,#1819,#1825));
#1810 = ORIENTED_EDGE('',*,*,#1761,.T.);
#1811 = ORIENTED_EDGE('',*,*,#1812,.T.);
#1812 = EDGE_CURVE('',#1754,#1813,#1815,.T.);
#1813 = VERTEX_POINT('',#1814);
#1814 = CARTESIAN_POINT('',(54.992447,4.6,4.676051));
#1815 = LINE('',#1816,#1817);
#1816 = CARTESIAN_POINT('',(54.992447,4.6,2.076051));
#1817 = VECTOR('',#1818,1.);
#1818 = DIRECTION('',(0.,2.22044604925E-16,1.));
#1819 = ORIENTED_EDGE('',*,*,#1820,.F.);
#1820 = EDGE_CURVE('',#809,#1813,#1821,.T.);
#1821 = LINE('',#1822,#1823);
#1822 = CARTESIAN_POINT('',(54.992447,2.,4.676051));
#1823 = VECTOR('',#1824,1.);
#1824 = DIRECTION('',(0.,1.,-2.22044604925E-16));
#1825 = ORIENTED_EDGE('',*,*,#816,.F.);
#1826 = PLANE('',#1827);
#1827 = AXIS2_PLACEMENT_3D('',#1828,#1829,#1830);
#1828 = CARTESIAN_POINT('',(54.992447,2.,2.076051));
#1829 = DIRECTION('',(1.,0.,0.));
#1830 = DIRECTION('',(0.,2.22044604925E-16,1.));
#1831 = ADVANCED_FACE('',(#1832),#1843,.F.);
#1832 = FACE_BOUND('',#1833,.F.);
#1833 = EDGE_LOOP('',(#1834,#1835,#1841,#1842));
#1834 = ORIENTED_EDGE('',*,*,#1820,.T.);
#1835 = ORIENTED_EDGE('',*,*,#1836,.T.);
#1836 = EDGE_CURVE('',#1813,#1777,#1837,.T.);
#1837 = LINE('',#1838,#1839);
#1838 = CARTESIAN_POINT('',(54.992447,4.6,4.676051));
#1839 = VECTOR('',#1840,1.);
#1840 = DIRECTION('',(1.,0.,0.));
#1841 = ORIENTED_EDGE('',*,*,#1776,.F.);
#1842 = ORIENTED_EDGE('',*,*,#808,.F.);
#1843 = PLANE('',#1844);
#1844 = AXIS2_PLACEMENT_3D('',#1845,#1846,#1847);
#1845 = CARTESIAN_POINT('',(54.992447,2.,4.676051));
#1846 = DIRECTION('',(0.,-2.22044604925E-16,-1.));
#1847 = DIRECTION('',(1.,0.,0.));
#1848 = ADVANCED_FACE('',(#1849),#1874,.F.);
#1849 = FACE_BOUND('',#1850,.F.);
#1850 = EDGE_LOOP('',(#1851,#1859,#1867,#1873));
#1851 = ORIENTED_EDGE('',*,*,#1852,.T.);
#1852 = EDGE_CURVE('',#825,#1853,#1855,.T.);
#1853 = VERTEX_POINT('',#1854);
#1854 = CARTESIAN_POINT('',(9.081168875254,12.5,2.85001));
#1855 = LINE('',#1856,#1857);
#1856 = CARTESIAN_POINT('',(9.081168875254,2.,2.85001));
#1857 = VECTOR('',#1858,1.);
#1858 = DIRECTION('',(0.,1.,-2.2E-16));
#1859 = ORIENTED_EDGE('',*,*,#1860,.T.);
#1860 = EDGE_CURVE('',#1853,#1861,#1863,.T.);
#1861 = VERTEX_POINT('',#1862);
#1862 = CARTESIAN_POINT('',(9.081168875254,12.5,4.35001));
#1863 = LINE('',#1864,#1865);
#1864 = CARTESIAN_POINT('',(9.081168875254,12.5,2.85001));
#1865 = VECTOR('',#1866,1.);
#1866 = DIRECTION('',(0.,0.,1.));
#1867 = ORIENTED_EDGE('',*,*,#1868,.F.);
#1868 = EDGE_CURVE('',#827,#1861,#1869,.T.);
#1869 = LINE('',#1870,#1871);
#1870 = CARTESIAN_POINT('',(9.081168875254,2.,4.35001));
#1871 = VECTOR('',#1872,1.);
#1872 = DIRECTION('',(0.,1.,-2.2E-16));
#1873 = ORIENTED_EDGE('',*,*,#824,.F.);
#1874 = PLANE('',#1875);
#1875 = AXIS2_PLACEMENT_3D('',#1876,#1877,#1878);
#1876 = CARTESIAN_POINT('',(9.081168875254,2.,2.85001));
#1877 = DIRECTION('',(1.,0.,0.));
#1878 = DIRECTION('',(0.,2.2E-16,1.));
#1879 = ADVANCED_FACE('',(#1880),#1898,.F.);
#1880 = FACE_BOUND('',#1881,.F.);
#1881 = EDGE_LOOP('',(#1882,#1890,#1896,#1897));
#1882 = ORIENTED_EDGE('',*,*,#1883,.T.);
#1883 = EDGE_CURVE('',#835,#1884,#1886,.T.);
#1884 = VERTEX_POINT('',#1885);
#1885 = CARTESIAN_POINT('',(39.081168875254,12.5,2.85001));
#1886 = LINE('',#1887,#1888);
#1887 = CARTESIAN_POINT('',(39.081168875254,2.,2.85001));
#1888 = VECTOR('',#1889,1.);
#1889 = DIRECTION('',(0.,1.,-2.2E-16));
#1890 = ORIENTED_EDGE('',*,*,#1891,.T.);
#1891 = EDGE_CURVE('',#1884,#1853,#1892,.T.);
#1892 = LINE('',#1893,#1894);
#1893 = CARTESIAN_POINT('',(39.081168875254,12.5,2.85001));
#1894 = VECTOR('',#1895,1.);
#1895 = DIRECTION('',(-1.,0.,0.));
#1896 = ORIENTED_EDGE('',*,*,#1852,.F.);
#1897 = ORIENTED_EDGE('',*,*,#834,.F.);
#1898 = PLANE('',#1899);
#1899 = AXIS2_PLACEMENT_3D('',#1900,#1901,#1902);
#1900 = CARTESIAN_POINT('',(39.081168875254,2.,2.85001));
#1901 = DIRECTION('',(0.,2.2E-16,1.));
#1902 = DIRECTION('',(-1.,0.,0.));
#1903 = ADVANCED_FACE('',(#1904),#1922,.F.);
#1904 = FACE_BOUND('',#1905,.F.);
#1905 = EDGE_LOOP('',(#1906,#1907,#1915,#1921));
#1906 = ORIENTED_EDGE('',*,*,#1868,.T.);
#1907 = ORIENTED_EDGE('',*,*,#1908,.T.);
#1908 = EDGE_CURVE('',#1861,#1909,#1911,.T.);
#1909 = VERTEX_POINT('',#1910);
#1910 = CARTESIAN_POINT('',(39.081168875254,12.5,4.35001));
#1911 = LINE('',#1912,#1913);
#1912 = CARTESIAN_POINT('',(9.081168875254,12.5,4.35001));
#1913 = VECTOR('',#1914,1.);
#1914 = DIRECTION('',(1.,0.,0.));
#1915 = ORIENTED_EDGE('',*,*,#1916,.F.);
#1916 = EDGE_CURVE('',#843,#1909,#1917,.T.);
#1917 = LINE('',#1918,#1919);
#1918 = CARTESIAN_POINT('',(39.081168875254,2.,4.35001));
#1919 = VECTOR('',#1920,1.);
#1920 = DIRECTION('',(0.,1.,-2.2E-16));
#1921 = ORIENTED_EDGE('',*,*,#850,.F.);
#1922 = PLANE('',#1923);
#1923 = AXIS2_PLACEMENT_3D('',#1924,#1925,#1926);
#1924 = CARTESIAN_POINT('',(9.081168875254,2.,4.35001));
#1925 = DIRECTION('',(0.,-2.2E-16,-1.));
#1926 = DIRECTION('',(1.,0.,0.));
#1927 = ADVANCED_FACE('',(#1928),#1939,.F.);
#1928 = FACE_BOUND('',#1929,.F.);
#1929 = EDGE_LOOP('',(#1930,#1931,#1937,#1938));
#1930 = ORIENTED_EDGE('',*,*,#1916,.T.);
#1931 = ORIENTED_EDGE('',*,*,#1932,.T.);
#1932 = EDGE_CURVE('',#1909,#1884,#1933,.T.);
#1933 = LINE('',#1934,#1935);
#1934 = CARTESIAN_POINT('',(39.081168875254,12.5,4.35001));
#1935 = VECTOR('',#1936,1.);
#1936 = DIRECTION('',(0.,0.,-1.));
#1937 = ORIENTED_EDGE('',*,*,#1883,.F.);
#1938 = ORIENTED_EDGE('',*,*,#842,.F.);
#1939 = PLANE('',#1940);
#1940 = AXIS2_PLACEMENT_3D('',#1941,#1942,#1943);
#1941 = CARTESIAN_POINT('',(39.081168875254,2.,4.35001));
#1942 = DIRECTION('',(-1.,0.,0.));
#1943 = DIRECTION('',(0.,-2.2E-16,-1.));
#1944 = ADVANCED_FACE('',(#1945),#1963,.F.);
#1945 = FACE_BOUND('',#1946,.F.);
#1946 = EDGE_LOOP('',(#1947,#1948,#1956,#1962));
#1947 = ORIENTED_EDGE('',*,*,#929,.F.);
#1948 = ORIENTED_EDGE('',*,*,#1949,.T.);
#1949 = EDGE_CURVE('',#930,#1950,#1952,.T.);
#1950 = VERTEX_POINT('',#1951);
#1951 = CARTESIAN_POINT('',(54.449587,75.4,4.593722));
#1952 = LINE('',#1953,#1954);
#1953 = CARTESIAN_POINT('',(54.449587,78.,4.593722));
#1954 = VECTOR('',#1955,1.);
#1955 = DIRECTION('',(0.,-1.,2.22044604925E-16));
#1956 = ORIENTED_EDGE('',*,*,#1957,.T.);
#1957 = EDGE_CURVE('',#1950,#891,#1958,.T.);
#1958 = LINE('',#1959,#1960);
#1959 = CARTESIAN_POINT('',(54.449587,75.4,4.593722));
#1960 = VECTOR('',#1961,1.);
#1961 = DIRECTION('',(0.,-2.22044604925E-16,-1.));
#1962 = ORIENTED_EDGE('',*,*,#898,.T.);
#1963 = PLANE('',#1964);
#1964 = AXIS2_PLACEMENT_3D('',#1965,#1966,#1967);
#1965 = CARTESIAN_POINT('',(54.449587,78.,4.593722));
#1966 = DIRECTION('',(1.,0.,0.));
#1967 = DIRECTION('',(0.,-2.22044604925E-16,-1.));
#1968 = ADVANCED_FACE('',(#1969),#2019,.T.);
#1969 = FACE_BOUND('',#1970,.T.);
#1970 = EDGE_LOOP('',(#1971,#1979,#1980,#1981,#1989,#1997,#2005,#2013));
#1971 = ORIENTED_EDGE('',*,*,#1972,.T.);
#1972 = EDGE_CURVE('',#1973,#1950,#1975,.T.);
#1973 = VERTEX_POINT('',#1974);
#1974 = CARTESIAN_POINT('',(54.903496,75.4,4.593722));
#1975 = LINE('',#1976,#1977);
#1976 = CARTESIAN_POINT('',(59.449587,75.4,4.593722));
#1977 = VECTOR('',#1978,1.);
#1978 = DIRECTION('',(-1.,0.,0.));
#1979 = ORIENTED_EDGE('',*,*,#1957,.T.);
#1980 = ORIENTED_EDGE('',*,*,#890,.F.);
#1981 = ORIENTED_EDGE('',*,*,#1982,.T.);
#1982 = EDGE_CURVE('',#883,#1983,#1985,.T.);
#1983 = VERTEX_POINT('',#1984);
#1984 = CARTESIAN_POINT('',(59.449587,75.4,2.057362));
#1985 = LINE('',#1986,#1987);
#1986 = CARTESIAN_POINT('',(59.449587,75.4,1.993722));
#1987 = VECTOR('',#1988,1.);
#1988 = DIRECTION('',(0.,2.22044604925E-16,1.));
#1989 = ORIENTED_EDGE('',*,*,#1990,.T.);
#1990 = EDGE_CURVE('',#1983,#1991,#1993,.T.);
#1991 = VERTEX_POINT('',#1992);
#1992 = CARTESIAN_POINT('',(59.903496,75.4,2.057362));
#1993 = LINE('',#1994,#1995);
#1994 = CARTESIAN_POINT('',(54.903496,75.4,2.057362));
#1995 = VECTOR('',#1996,1.);
#1996 = DIRECTION('',(1.,0.,0.));
#1997 = ORIENTED_EDGE('',*,*,#1998,.T.);
#1998 = EDGE_CURVE('',#1991,#1999,#2001,.T.);
#1999 = VERTEX_POINT('',#2000);
#2000 = CARTESIAN_POINT('',(59.903496,75.4,4.657362));
#2001 = LINE('',#2002,#2003);
#2002 = CARTESIAN_POINT('',(59.903496,75.4,2.057362));
#2003 = VECTOR('',#2004,1.);
#2004 = DIRECTION('',(0.,2.22044604925E-16,1.));
#2005 = ORIENTED_EDGE('',*,*,#2006,.T.);
#2006 = EDGE_CURVE('',#1999,#2007,#2009,.T.);
#2007 = VERTEX_POINT('',#2008);
#2008 = CARTESIAN_POINT('',(54.903496,75.4,4.657362));
#2009 = LINE('',#2010,#2011);
#2010 = CARTESIAN_POINT('',(59.903496,75.4,4.657362));
#2011 = VECTOR('',#2012,1.);
#2012 = DIRECTION('',(-1.,0.,0.));
#2013 = ORIENTED_EDGE('',*,*,#2014,.T.);
#2014 = EDGE_CURVE('',#2007,#1973,#2015,.T.);
#2015 = LINE('',#2016,#2017);
#2016 = CARTESIAN_POINT('',(54.903496,75.4,4.657362));
#2017 = VECTOR('',#2018,1.);
#2018 = DIRECTION('',(0.,-2.22044604925E-16,-1.));
#2019 = PLANE('',#2020);
#2020 = AXIS2_PLACEMENT_3D('',#2021,#2022,#2023);
#2021 = CARTESIAN_POINT('',(57.17671715932,75.4,3.32850534068));
#2022 = DIRECTION('',(-0.,-1.,-0.));
#2023 = DIRECTION('',(0.,0.,-1.));
#2024 = ADVANCED_FACE('',(#2025),#2036,.F.);
#2025 = FACE_BOUND('',#2026,.F.);
#2026 = EDGE_LOOP('',(#2027,#2028,#2029,#2030));
#2027 = ORIENTED_EDGE('',*,*,#977,.F.);
#2028 = ORIENTED_EDGE('',*,*,#882,.T.);
#2029 = ORIENTED_EDGE('',*,*,#1982,.T.);
#2030 = ORIENTED_EDGE('',*,*,#2031,.F.);
#2031 = EDGE_CURVE('',#970,#1983,#2032,.T.);
#2032 = LINE('',#2033,#2034);
#2033 = CARTESIAN_POINT('',(59.449587,78.,2.057362));
#2034 = VECTOR('',#2035,1.);
#2035 = DIRECTION('',(0.,-1.,2.22044604925E-16));
#2036 = PLANE('',#2037);
#2037 = AXIS2_PLACEMENT_3D('',#2038,#2039,#2040);
#2038 = CARTESIAN_POINT('',(59.449587,78.,1.993722));
#2039 = DIRECTION('',(-1.,0.,0.));
#2040 = DIRECTION('',(0.,2.22044604925E-16,1.));
#2041 = ADVANCED_FACE('',(#2042),#2060,.F.);
#2042 = FACE_BOUND('',#2043,.F.);
#2043 = EDGE_LOOP('',(#2044,#2045,#2046,#2054));
#2044 = ORIENTED_EDGE('',*,*,#1097,.F.);
#2045 = ORIENTED_EDGE('',*,*,#1651,.T.);
#2046 = ORIENTED_EDGE('',*,*,#2047,.T.);
#2047 = EDGE_CURVE('',#1652,#2048,#2050,.T.);
#2048 = VERTEX_POINT('',#2049);
#2049 = CARTESIAN_POINT('',(41.529784,68.,3.25559));
#2050 = LINE('',#2051,#2052);
#2051 = CARTESIAN_POINT('',(1.529784,68.,3.25559));
#2052 = VECTOR('',#2053,1.);
#2053 = DIRECTION('',(1.,0.,0.));
#2054 = ORIENTED_EDGE('',*,*,#2055,.F.);
#2055 = EDGE_CURVE('',#1090,#2048,#2056,.T.);
#2056 = LINE('',#2057,#2058);
#2057 = CARTESIAN_POINT('',(41.529784,78.,3.25559));
#2058 = VECTOR('',#2059,1.);
#2059 = DIRECTION('',(0.,-1.,2.2E-16));
#2060 = PLANE('',#2061);
#2061 = AXIS2_PLACEMENT_3D('',#2062,#2063,#2064);
#2062 = CARTESIAN_POINT('',(1.529784,78.,3.25559));
#2063 = DIRECTION('',(0.,2.2E-16,1.));
#2064 = DIRECTION('',(1.,0.,0.));
#2065 = ADVANCED_FACE('',(#2066),#2084,.F.);
#2066 = FACE_BOUND('',#2067,.F.);
#2067 = EDGE_LOOP('',(#2068,#2069,#2077,#2083));
#2068 = ORIENTED_EDGE('',*,*,#2055,.T.);
#2069 = ORIENTED_EDGE('',*,*,#2070,.T.);
#2070 = EDGE_CURVE('',#2048,#2071,#2073,.T.);
#2071 = VERTEX_POINT('',#2072);
#2072 = CARTESIAN_POINT('',(41.529784,68.,4.75559));
#2073 = LINE('',#2074,#2075);
#2074 = CARTESIAN_POINT('',(41.529784,68.,3.25559));
#2075 = VECTOR('',#2076,1.);
#2076 = DIRECTION('',(0.,0.,1.));
#2077 = ORIENTED_EDGE('',*,*,#2078,.F.);
#2078 = EDGE_CURVE('',#1082,#2071,#2079,.T.);
#2079 = LINE('',#2080,#2081);
#2080 = CARTESIAN_POINT('',(41.529784,78.,4.75559));
#2081 = VECTOR('',#2082,1.);
#2082 = DIRECTION('',(0.,-1.,2.2E-16));
#2083 = ORIENTED_EDGE('',*,*,#1089,.F.);
#2084 = PLANE('',#2085);
#2085 = AXIS2_PLACEMENT_3D('',#2086,#2087,#2088);
#2086 = CARTESIAN_POINT('',(41.529784,78.,3.25559));
#2087 = DIRECTION('',(-1.,0.,0.));
#2088 = DIRECTION('',(0.,2.2E-16,1.));
#2089 = ADVANCED_FACE('',(#2090),#2101,.F.);
#2090 = FACE_BOUND('',#2091,.F.);
#2091 = EDGE_LOOP('',(#2092,#2093,#2094,#2100));
#2092 = ORIENTED_EDGE('',*,*,#1081,.F.);
#2093 = ORIENTED_EDGE('',*,*,#2078,.T.);
#2094 = ORIENTED_EDGE('',*,*,#2095,.T.);
#2095 = EDGE_CURVE('',#2071,#1660,#2096,.T.);
#2096 = LINE('',#2097,#2098);
#2097 = CARTESIAN_POINT('',(41.529784,68.,4.75559));
#2098 = VECTOR('',#2099,1.);
#2099 = DIRECTION('',(-1.,0.,0.));
#2100 = ORIENTED_EDGE('',*,*,#1667,.T.);
#2101 = PLANE('',#2102);
#2102 = AXIS2_PLACEMENT_3D('',#2103,#2104,#2105);
#2103 = CARTESIAN_POINT('',(41.529784,78.,4.75559));
#2104 = DIRECTION('',(-0.,-2.2E-16,-1.));
#2105 = DIRECTION('',(-1.,0.,0.));
#2106 = ADVANCED_FACE('',(#2107),#2118,.T.);
#2107 = FACE_BOUND('',#2108,.T.);
#2108 = EDGE_LOOP('',(#2109,#2110,#2116,#2117));
#2109 = ORIENTED_EDGE('',*,*,#1561,.T.);
#2110 = ORIENTED_EDGE('',*,*,#2111,.T.);
#2111 = EDGE_CURVE('',#1562,#1626,#2112,.T.);
#2112 = LINE('',#2113,#2114);
#2113 = CARTESIAN_POINT('',(59.,43.190314608149,55.242702));
#2114 = VECTOR('',#2115,1.);
#2115 = DIRECTION('',(-0.,-0.,-1.));
#2116 = ORIENTED_EDGE('',*,*,#1634,.T.);
#2117 = ORIENTED_EDGE('',*,*,#1057,.T.);
#2118 = PLANE('',#2119);
#2119 = AXIS2_PLACEMENT_3D('',#2120,#2121,#2122);
#2120 = CARTESIAN_POINT('',(59.,40.0056655,54.120006));
#2121 = DIRECTION('',(1.,0.,0.));
#2122 = DIRECTION('',(0.,0.,1.));
#2123 = ADVANCED_FACE('',(#2124),#2142,.F.);
#2124 = FACE_BOUND('',#2125,.F.);
#2125 = EDGE_LOOP('',(#2126,#2127,#2135,#2141));
#2126 = ORIENTED_EDGE('',*,*,#1253,.F.);
#2127 = ORIENTED_EDGE('',*,*,#2128,.T.);
#2128 = EDGE_CURVE('',#1254,#2129,#2131,.T.);
#2129 = VERTEX_POINT('',#2130);
#2130 = CARTESIAN_POINT('',(57.,75.205292387623,57.79787445));
#2131 = LINE('',#2132,#2133);
#2132 = CARTESIAN_POINT('',(2.,75.205292387623,57.79787445));
#2133 = VECTOR('',#2134,1.);
#2134 = DIRECTION('',(1.,0.,0.));
#2135 = ORIENTED_EDGE('',*,*,#2136,.T.);
#2136 = EDGE_CURVE('',#2129,#1026,#2137,.T.);
#2137 = LINE('',#2138,#2139);
#2138 = CARTESIAN_POINT('',(57.,75.205292387623,57.79787445));
#2139 = VECTOR('',#2140,1.);
#2140 = DIRECTION('',(0.,1.,0.));
#2141 = ORIENTED_EDGE('',*,*,#1033,.T.);
#2142 = PLANE('',#2143);
#2143 = AXIS2_PLACEMENT_3D('',#2144,#2145,#2146);
#2144 = CARTESIAN_POINT('',(2.,75.205292387623,57.79787445));
#2145 = DIRECTION('',(0.,0.,1.));
#2146 = DIRECTION('',(0.,1.,0.));
#2147 = ADVANCED_FACE('',(#2148),#2166,.T.);
#2148 = FACE_BOUND('',#2149,.T.);
#2149 = EDGE_LOOP('',(#2150,#2158,#2159,#2160));
#2150 = ORIENTED_EDGE('',*,*,#2151,.T.);
#2151 = EDGE_CURVE('',#2152,#2129,#2154,.T.);
#2152 = VERTEX_POINT('',#2153);
#2153 = CARTESIAN_POINT('',(57.,75.205292387623,58.8194695));
#2154 = LINE('',#2155,#2156);
#2155 = CARTESIAN_POINT('',(57.,75.205292387623,61.79787445));
#2156 = VECTOR('',#2157,1.);
#2157 = DIRECTION('',(0.,0.,-1.));
#2158 = ORIENTED_EDGE('',*,*,#2136,.T.);
#2159 = ORIENTED_EDGE('',*,*,#1025,.T.);
#2160 = ORIENTED_EDGE('',*,*,#2161,.F.);
#2161 = EDGE_CURVE('',#2152,#1018,#2162,.T.);
#2162 = LINE('',#2163,#2164);
#2163 = CARTESIAN_POINT('',(57.,75.049187,58.8194695));
#2164 = VECTOR('',#2165,1.);
#2165 = DIRECTION('',(0.,1.,0.));
#2166 = PLANE('',#2167);
#2167 = AXIS2_PLACEMENT_3D('',#2168,#2169,#2170);
#2168 = CARTESIAN_POINT('',(57.,76.705292387623,59.79787445));
#2169 = DIRECTION('',(1.,0.,0.));
#2170 = DIRECTION('',(0.,0.,1.));
#2171 = ADVANCED_FACE('',(#2172),#2197,.F.);
#2172 = FACE_BOUND('',#2173,.F.);
#2173 = EDGE_LOOP('',(#2174,#2175,#2183,#2191));
#2174 = ORIENTED_EDGE('',*,*,#1017,.F.);
#2175 = ORIENTED_EDGE('',*,*,#2176,.T.);
#2176 = EDGE_CURVE('',#1018,#2177,#2179,.T.);
#2177 = VERTEX_POINT('',#2178);
#2178 = CARTESIAN_POINT('',(57.,78.049187,58.8194695));
#2179 = LINE('',#2180,#2181);
#2180 = CARTESIAN_POINT('',(57.,75.049187,58.8194695));
#2181 = VECTOR('',#2182,1.);
#2182 = DIRECTION('',(0.,1.,0.));
#2183 = ORIENTED_EDGE('',*,*,#2184,.T.);
#2184 = EDGE_CURVE('',#2177,#2185,#2187,.T.);
#2185 = VERTEX_POINT('',#2186);
#2186 = CARTESIAN_POINT('',(57.,78.049187,60.8194695));
#2187 = LINE('',#2188,#2189);
#2188 = CARTESIAN_POINT('',(57.,78.049187,58.8194695));
#2189 = VECTOR('',#2190,1.);
#2190 = DIRECTION('',(0.,0.,1.));
#2191 = ORIENTED_EDGE('',*,*,#2192,.T.);
#2192 = EDGE_CURVE('',#2185,#1010,#2193,.T.);
#2193 = LINE('',#2194,#2195);
#2194 = CARTESIAN_POINT('',(57.,78.049187,60.8194695));
#2195 = VECTOR('',#2196,1.);
#2196 = DIRECTION('',(0.,-1.,0.));
#2197 = PLANE('',#2198);
#2198 = AXIS2_PLACEMENT_3D('',#2199,#2200,#2201);
#2199 = CARTESIAN_POINT('',(57.,76.549187,59.8194695));
#2200 = DIRECTION('',(1.,0.,0.));
#2201 = DIRECTION('',(0.,0.,1.));
#2202 = ADVANCED_FACE('',(#2203),#2228,.T.);
#2203 = FACE_BOUND('',#2204,.T.);
#2204 = EDGE_LOOP('',(#2205,#2215,#2221,#2222));
#2205 = ORIENTED_EDGE('',*,*,#2206,.T.);
#2206 = EDGE_CURVE('',#2207,#2209,#2211,.T.);
#2207 = VERTEX_POINT('',#2208);
#2208 = CARTESIAN_POINT('',(57.,75.205292387623,61.79787445));
#2209 = VERTEX_POINT('',#2210);
#2210 = CARTESIAN_POINT('',(57.,75.205292387623,60.8194695));
#2211 = LINE('',#2212,#2213);
#2212 = CARTESIAN_POINT('',(57.,75.205292387623,61.79787445));
#2213 = VECTOR('',#2214,1.);
#2214 = DIRECTION('',(0.,0.,-1.));
#2215 = ORIENTED_EDGE('',*,*,#2216,.F.);
#2216 = EDGE_CURVE('',#1010,#2209,#2217,.T.);
#2217 = LINE('',#2218,#2219);
#2218 = CARTESIAN_POINT('',(57.,78.049187,60.8194695));
#2219 = VECTOR('',#2220,1.);
#2220 = DIRECTION('',(0.,-1.,0.));
#2221 = ORIENTED_EDGE('',*,*,#1009,.T.);
#2222 = ORIENTED_EDGE('',*,*,#2223,.T.);
#2223 = EDGE_CURVE('',#1002,#2207,#2224,.T.);
#2224 = LINE('',#2225,#2226);
#2225 = CARTESIAN_POINT('',(57.,78.205292387623,61.79787445));
#2226 = VECTOR('',#2227,1.);
#2227 = DIRECTION('',(0.,-1.,0.));
#2228 = PLANE('',#2229);
#2229 = AXIS2_PLACEMENT_3D('',#2230,#2231,#2232);
#2230 = CARTESIAN_POINT('',(57.,76.705292387623,59.79787445));
#2231 = DIRECTION('',(1.,0.,0.));
#2232 = DIRECTION('',(0.,0.,1.));
#2233 = ADVANCED_FACE('',(#2234),#2245,.F.);
#2234 = FACE_BOUND('',#2235,.F.);
#2235 = EDGE_LOOP('',(#2236,#2237,#2238,#2239));
#2236 = ORIENTED_EDGE('',*,*,#1301,.F.);
#2237 = ORIENTED_EDGE('',*,*,#1001,.T.);
#2238 = ORIENTED_EDGE('',*,*,#2223,.T.);
#2239 = ORIENTED_EDGE('',*,*,#2240,.F.);
#2240 = EDGE_CURVE('',#1294,#2207,#2241,.T.);
#2241 = LINE('',#2242,#2243);
#2242 = CARTESIAN_POINT('',(2.,75.205292387623,61.79787445));
#2243 = VECTOR('',#2244,1.);
#2244 = DIRECTION('',(1.,0.,0.));
#2245 = PLANE('',#2246);
#2246 = AXIS2_PLACEMENT_3D('',#2247,#2248,#2249);
#2247 = CARTESIAN_POINT('',(2.,78.205292387623,61.79787445));
#2248 = DIRECTION('',(0.,0.,-1.));
#2249 = DIRECTION('',(0.,-1.,0.));
#2250 = ADVANCED_FACE('',(#2251),#2262,.F.);
#2251 = FACE_BOUND('',#2252,.F.);
#2252 = EDGE_LOOP('',(#2253,#2254,#2255,#2256));
#2253 = ORIENTED_EDGE('',*,*,#969,.F.);
#2254 = ORIENTED_EDGE('',*,*,#2031,.T.);
#2255 = ORIENTED_EDGE('',*,*,#1990,.T.);
#2256 = ORIENTED_EDGE('',*,*,#2257,.F.);
#2257 = EDGE_CURVE('',#962,#1991,#2258,.T.);
#2258 = LINE('',#2259,#2260);
#2259 = CARTESIAN_POINT('',(59.903496,78.,2.057362));
#2260 = VECTOR('',#2261,1.);
#2261 = DIRECTION('',(0.,-1.,2.22044604925E-16));
#2262 = PLANE('',#2263);
#2263 = AXIS2_PLACEMENT_3D('',#2264,#2265,#2266);
#2264 = CARTESIAN_POINT('',(54.903496,78.,2.057362));
#2265 = DIRECTION('',(0.,2.22044604925E-16,1.));
#2266 = DIRECTION('',(1.,0.,0.));
#2267 = ADVANCED_FACE('',(#2268,#2279),#2290,.F.);
#2268 = FACE_BOUND('',#2269,.F.);
#2269 = EDGE_LOOP('',(#2270,#2271,#2272,#2278));
#2270 = ORIENTED_EDGE('',*,*,#2257,.T.);
#2271 = ORIENTED_EDGE('',*,*,#1998,.T.);
#2272 = ORIENTED_EDGE('',*,*,#2273,.F.);
#2273 = EDGE_CURVE('',#954,#1999,#2274,.T.);
#2274 = LINE('',#2275,#2276);
#2275 = CARTESIAN_POINT('',(59.903496,78.,4.657362));
#2276 = VECTOR('',#2277,1.);
#2277 = DIRECTION('',(0.,-1.,2.22044604925E-16));
#2278 = ORIENTED_EDGE('',*,*,#961,.F.);
#2279 = FACE_BOUND('',#2280,.F.);
#2280 = EDGE_LOOP('',(#2281));
#2281 = ORIENTED_EDGE('',*,*,#2282,.T.);
#2282 = EDGE_CURVE('',#2283,#2283,#2285,.T.);
#2283 = VERTEX_POINT('',#2284);
#2284 = CARTESIAN_POINT('',(59.903496,77.593881,3.304692));
#2285 = CIRCLE('',#2286,0.895984);
#2286 = AXIS2_PLACEMENT_3D('',#2287,#2288,#2289);
#2287 = CARTESIAN_POINT('',(59.903496,76.697897,3.304692));
#2288 = DIRECTION('',(1.,0.,0.));
#2289 = DIRECTION('',(0.,1.,0.));
#2290 = PLANE('',#2291);
#2291 = AXIS2_PLACEMENT_3D('',#2292,#2293,#2294);
#2292 = CARTESIAN_POINT('',(59.903496,78.,2.057362));
#2293 = DIRECTION('',(-1.,0.,0.));
#2294 = DIRECTION('',(0.,2.22044604925E-16,1.));
#2295 = ADVANCED_FACE('',(#2296),#2307,.F.);
#2296 = FACE_BOUND('',#2297,.F.);
#2297 = EDGE_LOOP('',(#2298,#2299,#2300,#2306));
#2298 = ORIENTED_EDGE('',*,*,#2273,.T.);
#2299 = ORIENTED_EDGE('',*,*,#2006,.T.);
#2300 = ORIENTED_EDGE('',*,*,#2301,.F.);
#2301 = EDGE_CURVE('',#946,#2007,#2302,.T.);
#2302 = LINE('',#2303,#2304);
#2303 = CARTESIAN_POINT('',(54.903496,78.,4.657362));
#2304 = VECTOR('',#2305,1.);
#2305 = DIRECTION('',(0.,-1.,2.22044604925E-16));
#2306 = ORIENTED_EDGE('',*,*,#953,.F.);
#2307 = PLANE('',#2308);
#2308 = AXIS2_PLACEMENT_3D('',#2309,#2310,#2311);
#2309 = CARTESIAN_POINT('',(59.903496,78.,4.657362));
#2310 = DIRECTION('',(-0.,-2.22044604925E-16,-1.));
#2311 = DIRECTION('',(-1.,0.,0.));
#2312 = ADVANCED_FACE('',(#2313),#2324,.F.);
#2313 = FACE_BOUND('',#2314,.F.);
#2314 = EDGE_LOOP('',(#2315,#2316,#2317,#2318));
#2315 = ORIENTED_EDGE('',*,*,#945,.F.);
#2316 = ORIENTED_EDGE('',*,*,#2301,.T.);
#2317 = ORIENTED_EDGE('',*,*,#2014,.T.);
#2318 = ORIENTED_EDGE('',*,*,#2319,.T.);
#2319 = EDGE_CURVE('',#1973,#938,#2320,.T.);
#2320 = LINE('',#2321,#2322);
#2321 = CARTESIAN_POINT('',(54.903496,78.,4.593722));
#2322 = VECTOR('',#2323,1.);
#2323 = DIRECTION('',(0.,1.,-2.22044604925E-16));
#2324 = PLANE('',#2325);
#2325 = AXIS2_PLACEMENT_3D('',#2326,#2327,#2328);
#2326 = CARTESIAN_POINT('',(54.903496,78.,4.657362));
#2327 = DIRECTION('',(1.,0.,0.));
#2328 = DIRECTION('',(0.,-2.22044604925E-16,-1.));
#2329 = ADVANCED_FACE('',(#2330),#2336,.F.);
#2330 = FACE_BOUND('',#2331,.F.);
#2331 = EDGE_LOOP('',(#2332,#2333,#2334,#2335));
#2332 = ORIENTED_EDGE('',*,*,#937,.F.);
#2333 = ORIENTED_EDGE('',*,*,#2319,.F.);
#2334 = ORIENTED_EDGE('',*,*,#1972,.T.);
#2335 = ORIENTED_EDGE('',*,*,#1949,.F.);
#2336 = PLANE('',#2337);
#2337 = AXIS2_PLACEMENT_3D('',#2338,#2339,#2340);
#2338 = CARTESIAN_POINT('',(59.449587,78.,4.593722));
#2339 = DIRECTION('',(-0.,-2.22044604925E-16,-1.));
#2340 = DIRECTION('',(-1.,0.,0.));
#2341 = ADVANCED_FACE('',(#2342),#2353,.F.);
#2342 = FACE_BOUND('',#2343,.F.);
#2343 = EDGE_LOOP('',(#2344,#2345,#2351,#2352));
#2344 = ORIENTED_EDGE('',*,*,#1312,.F.);
#2345 = ORIENTED_EDGE('',*,*,#2346,.T.);
#2346 = EDGE_CURVE('',#1313,#1685,#2347,.T.);
#2347 = LINE('',#2348,#2349);
#2348 = CARTESIAN_POINT('',(2.,4.391621,83.874298));
#2349 = VECTOR('',#2350,1.);
#2350 = DIRECTION('',(1.,0.,0.));
#2351 = ORIENTED_EDGE('',*,*,#1684,.T.);
#2352 = ORIENTED_EDGE('',*,*,#1199,.F.);
#2353 = PLANE('',#2354);
#2354 = AXIS2_PLACEMENT_3D('',#2355,#2356,#2357);
#2355 = CARTESIAN_POINT('',(2.,4.391621,83.874298));
#2356 = DIRECTION('',(0.,0.,-1.));
#2357 = DIRECTION('',(0.,-1.,0.));
#2358 = ADVANCED_FACE('',(#2359),#2370,.F.);
#2359 = FACE_BOUND('',#2360,.F.);
#2360 = EDGE_LOOP('',(#2361,#2362,#2368,#2369));
#2361 = ORIENTED_EDGE('',*,*,#1261,.F.);
#2362 = ORIENTED_EDGE('',*,*,#2363,.F.);
#2363 = EDGE_CURVE('',#2152,#1262,#2364,.T.);
#2364 = LINE('',#2365,#2366);
#2365 = CARTESIAN_POINT('',(29.5,75.205292387623,58.8194695));
#2366 = VECTOR('',#2367,1.);
#2367 = DIRECTION('',(-1.,0.,0.));
#2368 = ORIENTED_EDGE('',*,*,#2151,.T.);
#2369 = ORIENTED_EDGE('',*,*,#2128,.F.);
#2370 = PLANE('',#2371);
#2371 = AXIS2_PLACEMENT_3D('',#2372,#2373,#2374);
#2372 = CARTESIAN_POINT('',(2.,75.205292387623,61.79787445));
#2373 = DIRECTION('',(0.,1.,0.));
#2374 = DIRECTION('',(0.,0.,-1.));
#2375 = ADVANCED_FACE('',(#2376),#2388,.F.);
#2376 = FACE_BOUND('',#2377,.F.);
#2377 = EDGE_LOOP('',(#2378,#2379,#2380,#2381,#2387));
#2378 = ORIENTED_EDGE('',*,*,#2161,.F.);
#2379 = ORIENTED_EDGE('',*,*,#2363,.T.);
#2380 = ORIENTED_EDGE('',*,*,#1269,.T.);
#2381 = ORIENTED_EDGE('',*,*,#2382,.F.);
#2382 = EDGE_CURVE('',#2177,#1270,#2383,.T.);
#2383 = LINE('',#2384,#2385);
#2384 = CARTESIAN_POINT('',(57.,78.049187,58.8194695));
#2385 = VECTOR('',#2386,1.);
#2386 = DIRECTION('',(-1.,-0.,-0.));
#2387 = ORIENTED_EDGE('',*,*,#2176,.F.);
#2388 = PLANE('',#2389);
#2389 = AXIS2_PLACEMENT_3D('',#2390,#2391,#2392);
#2390 = CARTESIAN_POINT('',(57.,75.049187,58.8194695));
#2391 = DIRECTION('',(0.,0.,-1.));
#2392 = DIRECTION('',(0.,1.,0.));
#2393 = ADVANCED_FACE('',(#2394),#2405,.F.);
#2394 = FACE_BOUND('',#2395,.F.);
#2395 = EDGE_LOOP('',(#2396,#2397,#2398,#2404));
#2396 = ORIENTED_EDGE('',*,*,#2382,.T.);
#2397 = ORIENTED_EDGE('',*,*,#1277,.T.);
#2398 = ORIENTED_EDGE('',*,*,#2399,.F.);
#2399 = EDGE_CURVE('',#2185,#1278,#2400,.T.);
#2400 = LINE('',#2401,#2402);
#2401 = CARTESIAN_POINT('',(57.,78.049187,60.8194695));
#2402 = VECTOR('',#2403,1.);
#2403 = DIRECTION('',(-1.,-0.,-0.));
#2404 = ORIENTED_EDGE('',*,*,#2184,.F.);
#2405 = PLANE('',#2406);
#2406 = AXIS2_PLACEMENT_3D('',#2407,#2408,#2409);
#2407 = CARTESIAN_POINT('',(57.,78.049187,58.8194695));
#2408 = DIRECTION('',(0.,1.,0.));
#2409 = DIRECTION('',(0.,0.,1.));
#2410 = ADVANCED_FACE('',(#2411),#2423,.F.);
#2411 = FACE_BOUND('',#2412,.F.);
#2412 = EDGE_LOOP('',(#2413,#2414,#2415,#2416,#2422));
#2413 = ORIENTED_EDGE('',*,*,#2192,.F.);
#2414 = ORIENTED_EDGE('',*,*,#2399,.T.);
#2415 = ORIENTED_EDGE('',*,*,#1285,.T.);
#2416 = ORIENTED_EDGE('',*,*,#2417,.T.);
#2417 = EDGE_CURVE('',#1286,#2209,#2418,.T.);
#2418 = LINE('',#2419,#2420);
#2419 = CARTESIAN_POINT('',(29.5,75.205292387623,60.8194695));
#2420 = VECTOR('',#2421,1.);
#2421 = DIRECTION('',(1.,0.,0.));
#2422 = ORIENTED_EDGE('',*,*,#2216,.F.);
#2423 = PLANE('',#2424);
#2424 = AXIS2_PLACEMENT_3D('',#2425,#2426,#2427);
#2425 = CARTESIAN_POINT('',(57.,78.049187,60.8194695));
#2426 = DIRECTION('',(0.,0.,1.));
#2427 = DIRECTION('',(0.,-1.,0.));
#2428 = ADVANCED_FACE('',(#2429),#2435,.F.);
#2429 = FACE_BOUND('',#2430,.F.);
#2430 = EDGE_LOOP('',(#2431,#2432,#2433,#2434));
#2431 = ORIENTED_EDGE('',*,*,#1293,.F.);
#2432 = ORIENTED_EDGE('',*,*,#2240,.T.);
#2433 = ORIENTED_EDGE('',*,*,#2206,.T.);
#2434 = ORIENTED_EDGE('',*,*,#2417,.F.);
#2435 = PLANE('',#2436);
#2436 = AXIS2_PLACEMENT_3D('',#2437,#2438,#2439);
#2437 = CARTESIAN_POINT('',(2.,75.205292387623,61.79787445));
#2438 = DIRECTION('',(0.,1.,0.));
#2439 = DIRECTION('',(0.,0.,-1.));
#2440 = ADVANCED_FACE('',(#2441),#2447,.F.);
#2441 = FACE_BOUND('',#2442,.F.);
#2442 = EDGE_LOOP('',(#2443,#2444,#2445,#2446));
#2443 = ORIENTED_EDGE('',*,*,#1731,.T.);
#2444 = ORIENTED_EDGE('',*,*,#1703,.T.);
#2445 = ORIENTED_EDGE('',*,*,#2346,.F.);
#2446 = ORIENTED_EDGE('',*,*,#1320,.F.);
#2447 = PLANE('',#2448);
#2448 = AXIS2_PLACEMENT_3D('',#2449,#2450,#2451);
#2449 = CARTESIAN_POINT('',(2.,4.391621,81.274298));
#2450 = DIRECTION('',(0.,-1.,0.));
#2451 = DIRECTION('',(0.,0.,1.));
#2452 = ADVANCED_FACE('',(#2453),#2464,.T.);
#2453 = FACE_BOUND('',#2454,.T.);
#2454 = EDGE_LOOP('',(#2455,#2461,#2462,#2463));
#2455 = ORIENTED_EDGE('',*,*,#2456,.F.);
#2456 = EDGE_CURVE('',#1344,#1459,#2457,.T.);
#2457 = LINE('',#2458,#2459);
#2458 = CARTESIAN_POINT('',(43.25,4.679068612377,60.389767));
#2459 = VECTOR('',#2460,1.);
#2460 = DIRECTION('',(1.,0.,0.));
#2461 = ORIENTED_EDGE('',*,*,#1343,.T.);
#2462 = ORIENTED_EDGE('',*,*,#1441,.T.);
#2463 = ORIENTED_EDGE('',*,*,#1466,.F.);
#2464 = PLANE('',#2465);
#2465 = AXIS2_PLACEMENT_3D('',#2466,#2467,#2468);
#2466 = CARTESIAN_POINT('',(29.5,4.679068612377,59.3987));
#2467 = DIRECTION('',(0.,1.,0.));
#2468 = DIRECTION('',(0.,0.,1.));
#2469 = ADVANCED_FACE('',(#2470),#2482,.F.);
#2470 = FACE_BOUND('',#2471,.F.);
#2471 = EDGE_LOOP('',(#2472,#2473,#2474,#2475,#2481));
#2472 = ORIENTED_EDGE('',*,*,#1458,.F.);
#2473 = ORIENTED_EDGE('',*,*,#2456,.F.);
#2474 = ORIENTED_EDGE('',*,*,#1351,.T.);
#2475 = ORIENTED_EDGE('',*,*,#2476,.F.);
#2476 = EDGE_CURVE('',#1490,#1352,#2477,.T.);
#2477 = LINE('',#2478,#2479);
#2478 = CARTESIAN_POINT('',(57.,1.679417612377,60.389767));
#2479 = VECTOR('',#2480,1.);
#2480 = DIRECTION('',(-1.,-0.,-0.));
#2481 = ORIENTED_EDGE('',*,*,#1489,.F.);
#2482 = PLANE('',#2483);
#2483 = AXIS2_PLACEMENT_3D('',#2484,#2485,#2486);
#2484 = CARTESIAN_POINT('',(57.,4.679417612377,60.389767));
#2485 = DIRECTION('',(0.,0.,1.));
#2486 = DIRECTION('',(0.,-1.,0.));
#2487 = ADVANCED_FACE('',(#2488),#2499,.F.);
#2488 = FACE_BOUND('',#2489,.F.);
#2489 = EDGE_LOOP('',(#2490,#2491,#2492,#2498));
#2490 = ORIENTED_EDGE('',*,*,#2476,.T.);
#2491 = ORIENTED_EDGE('',*,*,#1359,.T.);
#2492 = ORIENTED_EDGE('',*,*,#2493,.F.);
#2493 = EDGE_CURVE('',#1481,#1360,#2494,.T.);
#2494 = LINE('',#2495,#2496);
#2495 = CARTESIAN_POINT('',(57.,1.679417612377,58.389767));
#2496 = VECTOR('',#2497,1.);
#2497 = DIRECTION('',(-1.,-0.,-0.));
#2498 = ORIENTED_EDGE('',*,*,#1497,.F.);
#2499 = PLANE('',#2500);
#2500 = AXIS2_PLACEMENT_3D('',#2501,#2502,#2503);
#2501 = CARTESIAN_POINT('',(57.,1.679417612377,60.389767));
#2502 = DIRECTION('',(0.,-1.,0.));
#2503 = DIRECTION('',(0.,0.,-1.));
#2504 = ADVANCED_FACE('',(#2505),#2517,.F.);
#2505 = FACE_BOUND('',#2506,.F.);
#2506 = EDGE_LOOP('',(#2507,#2508,#2509,#2510,#2516));
#2507 = ORIENTED_EDGE('',*,*,#1480,.F.);
#2508 = ORIENTED_EDGE('',*,*,#2493,.T.);
#2509 = ORIENTED_EDGE('',*,*,#1367,.T.);
#2510 = ORIENTED_EDGE('',*,*,#2511,.F.);
#2511 = EDGE_CURVE('',#1512,#1368,#2512,.T.);
#2512 = LINE('',#2513,#2514);
#2513 = CARTESIAN_POINT('',(43.25,4.679068612377,58.389767));
#2514 = VECTOR('',#2515,1.);
#2515 = DIRECTION('',(-1.,0.,0.));
#2516 = ORIENTED_EDGE('',*,*,#1511,.F.);
#2517 = PLANE('',#2518);
#2518 = AXIS2_PLACEMENT_3D('',#2519,#2520,#2521);
#2519 = CARTESIAN_POINT('',(57.,1.679417612377,58.389767));
#2520 = DIRECTION('',(0.,0.,-1.));
#2521 = DIRECTION('',(0.,1.,0.));
#2522 = ADVANCED_FACE('',(#2523),#2529,.T.);
#2523 = FACE_BOUND('',#2524,.T.);
#2524 = EDGE_LOOP('',(#2525,#2526,#2527,#2528));
#2525 = ORIENTED_EDGE('',*,*,#1543,.F.);
#2526 = ORIENTED_EDGE('',*,*,#1375,.T.);
#2527 = ORIENTED_EDGE('',*,*,#2511,.F.);
#2528 = ORIENTED_EDGE('',*,*,#1528,.F.);
#2529 = PLANE('',#2530);
#2530 = AXIS2_PLACEMENT_3D('',#2531,#2532,#2533);
#2531 = CARTESIAN_POINT('',(29.5,4.679068612377,59.3987));
#2532 = DIRECTION('',(0.,1.,0.));
#2533 = DIRECTION('',(0.,0.,1.));
#2534 = ADVANCED_FACE('',(#2535),#2560,.F.);
#2535 = FACE_BOUND('',#2536,.F.);
#2536 = EDGE_LOOP('',(#2537,#2545,#2553,#2559));
#2537 = ORIENTED_EDGE('',*,*,#2538,.T.);
#2538 = EDGE_CURVE('',#1393,#2539,#2541,.T.);
#2539 = VERTEX_POINT('',#2540);
#2540 = CARTESIAN_POINT('',(59.9,77.85173,83.814224));
#2541 = LINE('',#2542,#2543);
#2542 = CARTESIAN_POINT('',(2.,77.85173,83.814224));
#2543 = VECTOR('',#2544,1.);
#2544 = DIRECTION('',(1.,0.,0.));
#2545 = ORIENTED_EDGE('',*,*,#2546,.T.);
#2546 = EDGE_CURVE('',#2539,#2547,#2549,.T.);
#2547 = VERTEX_POINT('',#2548);
#2548 = CARTESIAN_POINT('',(59.9,75.25173,83.814224));
#2549 = LINE('',#2550,#2551);
#2550 = CARTESIAN_POINT('',(59.9,77.85173,83.814224));
#2551 = VECTOR('',#2552,1.);
#2552 = DIRECTION('',(0.,-1.,0.));
#2553 = ORIENTED_EDGE('',*,*,#2554,.F.);
#2554 = EDGE_CURVE('',#1395,#2547,#2555,.T.);
#2555 = LINE('',#2556,#2557);
#2556 = CARTESIAN_POINT('',(2.,75.25173,83.814224));
#2557 = VECTOR('',#2558,1.);
#2558 = DIRECTION('',(1.,0.,0.));
#2559 = ORIENTED_EDGE('',*,*,#1392,.F.);
#2560 = PLANE('',#2561);
#2561 = AXIS2_PLACEMENT_3D('',#2562,#2563,#2564);
#2562 = CARTESIAN_POINT('',(2.,77.85173,83.814224));
#2563 = DIRECTION('',(0.,0.,-1.));
#2564 = DIRECTION('',(0.,-1.,0.));
#2565 = ADVANCED_FACE('',(#2566),#2584,.F.);
#2566 = FACE_BOUND('',#2567,.F.);
#2567 = EDGE_LOOP('',(#2568,#2576,#2582,#2583));
#2568 = ORIENTED_EDGE('',*,*,#2569,.T.);
#2569 = EDGE_CURVE('',#1403,#2570,#2572,.T.);
#2570 = VERTEX_POINT('',#2571);
#2571 = CARTESIAN_POINT('',(59.9,77.85173,81.214224));
#2572 = LINE('',#2573,#2574);
#2573 = CARTESIAN_POINT('',(2.,77.85173,81.214224));
#2574 = VECTOR('',#2575,1.);
#2575 = DIRECTION('',(1.,0.,0.));
#2576 = ORIENTED_EDGE('',*,*,#2577,.T.);
#2577 = EDGE_CURVE('',#2570,#2539,#2578,.T.);
#2578 = LINE('',#2579,#2580);
#2579 = CARTESIAN_POINT('',(59.9,77.85173,81.214224));
#2580 = VECTOR('',#2581,1.);
#2581 = DIRECTION('',(0.,0.,1.));
#2582 = ORIENTED_EDGE('',*,*,#2538,.F.);
#2583 = ORIENTED_EDGE('',*,*,#1402,.F.);
#2584 = PLANE('',#2585);
#2585 = AXIS2_PLACEMENT_3D('',#2586,#2587,#2588);
#2586 = CARTESIAN_POINT('',(2.,77.85173,81.214224));
#2587 = DIRECTION('',(0.,-1.,0.));
#2588 = DIRECTION('',(0.,0.,1.));
#2589 = ADVANCED_FACE('',(#2590),#2608,.F.);
#2590 = FACE_BOUND('',#2591,.F.);
#2591 = EDGE_LOOP('',(#2592,#2600,#2606,#2607));
#2592 = ORIENTED_EDGE('',*,*,#2593,.T.);
#2593 = EDGE_CURVE('',#1411,#2594,#2596,.T.);
#2594 = VERTEX_POINT('',#2595);
#2595 = CARTESIAN_POINT('',(59.9,75.25173,81.214224));
#2596 = LINE('',#2597,#2598);
#2597 = CARTESIAN_POINT('',(2.,75.25173,81.214224));
#2598 = VECTOR('',#2599,1.);
#2599 = DIRECTION('',(1.,0.,0.));
#2600 = ORIENTED_EDGE('',*,*,#2601,.T.);
#2601 = EDGE_CURVE('',#2594,#2570,#2602,.T.);
#2602 = LINE('',#2603,#2604);
#2603 = CARTESIAN_POINT('',(59.9,75.25173,81.214224));
#2604 = VECTOR('',#2605,1.);
#2605 = DIRECTION('',(0.,1.,0.));
#2606 = ORIENTED_EDGE('',*,*,#2569,.F.);
#2607 = ORIENTED_EDGE('',*,*,#1410,.F.);
#2608 = PLANE('',#2609);
#2609 = AXIS2_PLACEMENT_3D('',#2610,#2611,#2612);
#2610 = CARTESIAN_POINT('',(2.,75.25173,81.214224));
#2611 = DIRECTION('',(0.,0.,1.));
#2612 = DIRECTION('',(0.,1.,0.));
#2613 = ADVANCED_FACE('',(#2614),#2625,.F.);
#2614 = FACE_BOUND('',#2615,.F.);
#2615 = EDGE_LOOP('',(#2616,#2617,#2623,#2624));
#2616 = ORIENTED_EDGE('',*,*,#2554,.T.);
#2617 = ORIENTED_EDGE('',*,*,#2618,.T.);
#2618 = EDGE_CURVE('',#2547,#2594,#2619,.T.);
#2619 = LINE('',#2620,#2621);
#2620 = CARTESIAN_POINT('',(59.9,75.25173,83.814224));
#2621 = VECTOR('',#2622,1.);
#2622 = DIRECTION('',(0.,0.,-1.));
#2623 = ORIENTED_EDGE('',*,*,#2593,.F.);
#2624 = ORIENTED_EDGE('',*,*,#1418,.F.);
#2625 = PLANE('',#2626);
#2626 = AXIS2_PLACEMENT_3D('',#2627,#2628,#2629);
#2627 = CARTESIAN_POINT('',(2.,75.25173,83.814224));
#2628 = DIRECTION('',(0.,1.,0.));
#2629 = DIRECTION('',(0.,0.,-1.));
#2630 = ADVANCED_FACE('',(#2631),#2637,.F.);
#2631 = FACE_BOUND('',#2632,.T.);
#2632 = EDGE_LOOP('',(#2633,#2634,#2635,#2636));
#2633 = ORIENTED_EDGE('',*,*,#2111,.F.);
#2634 = ORIENTED_EDGE('',*,*,#1569,.T.);
#2635 = ORIENTED_EDGE('',*,*,#1603,.T.);
#2636 = ORIENTED_EDGE('',*,*,#1625,.T.);
#2637 = CYLINDRICAL_SURFACE('',#2638,3.);
#2638 = AXIS2_PLACEMENT_3D('',#2639,#2640,#2641);
#2639 = CARTESIAN_POINT('',(58.844026,40.194372,55.242702));
#2640 = DIRECTION('',(-0.,-0.,-1.));
#2641 = DIRECTION('',(1.,0.,0.));
#2642 = ADVANCED_FACE('',(#2643),#2649,.F.);
#2643 = FACE_BOUND('',#2644,.F.);
#2644 = EDGE_LOOP('',(#2645,#2646,#2647,#2648));
#2645 = ORIENTED_EDGE('',*,*,#2047,.F.);
#2646 = ORIENTED_EDGE('',*,*,#1659,.T.);
#2647 = ORIENTED_EDGE('',*,*,#2095,.F.);
#2648 = ORIENTED_EDGE('',*,*,#2070,.F.);
#2649 = PLANE('',#2650);
#2650 = AXIS2_PLACEMENT_3D('',#2651,#2652,#2653);
#2651 = CARTESIAN_POINT('',(21.529784,68.,4.00559));
#2652 = DIRECTION('',(0.,1.,0.));
#2653 = DIRECTION('',(0.,0.,1.));
#2654 = ADVANCED_FACE('',(#2655),#2674,.F.);
#2655 = FACE_BOUND('',#2656,.F.);
#2656 = EDGE_LOOP('',(#2657,#2665,#2672,#2673));
#2657 = ORIENTED_EDGE('',*,*,#2658,.T.);
#2658 = EDGE_CURVE('',#1712,#2659,#2661,.T.);
#2659 = VERTEX_POINT('',#2660);
#2660 = CARTESIAN_POINT('',(54.9,4.136895,82.718443));
#2661 = LINE('',#2662,#2663);
#2662 = CARTESIAN_POINT('',(59.9,4.136895,82.718443));
#2663 = VECTOR('',#2664,1.);
#2664 = DIRECTION('',(-1.,-0.,-0.));
#2665 = ORIENTED_EDGE('',*,*,#2666,.T.);
#2666 = EDGE_CURVE('',#2659,#2659,#2667,.T.);
#2667 = CIRCLE('',#2668,0.90378);
#2668 = AXIS2_PLACEMENT_3D('',#2669,#2670,#2671);
#2669 = CARTESIAN_POINT('',(54.9,3.233115,82.718443));
#2670 = DIRECTION('',(1.,0.,0.));
#2671 = DIRECTION('',(0.,1.,0.));
#2672 = ORIENTED_EDGE('',*,*,#2658,.F.);
#2673 = ORIENTED_EDGE('',*,*,#1711,.F.);
#2674 = CYLINDRICAL_SURFACE('',#2675,0.90378);
#2675 = AXIS2_PLACEMENT_3D('',#2676,#2677,#2678);
#2676 = CARTESIAN_POINT('',(59.9,3.233115,82.718443));
#2677 = DIRECTION('',(1.,0.,0.));
#2678 = DIRECTION('',(0.,1.,0.));
#2679 = ADVANCED_FACE('',(#2680),#2686,.T.);
#2680 = FACE_BOUND('',#2681,.T.);
#2681 = EDGE_LOOP('',(#2682,#2683,#2684,#2685));
#2682 = ORIENTED_EDGE('',*,*,#1753,.T.);
#2683 = ORIENTED_EDGE('',*,*,#1812,.T.);
#2684 = ORIENTED_EDGE('',*,*,#1836,.T.);
#2685 = ORIENTED_EDGE('',*,*,#1784,.T.);
#2686 = PLANE('',#2687);
#2687 = AXIS2_PLACEMENT_3D('',#2688,#2689,#2690);
#2688 = CARTESIAN_POINT('',(57.492447,4.6,3.376051));
#2689 = DIRECTION('',(0.,1.,0.));
#2690 = DIRECTION('',(0.,0.,1.));
#2691 = ADVANCED_FACE('',(#2692),#2711,.F.);
#2692 = FACE_BOUND('',#2693,.F.);
#2693 = EDGE_LOOP('',(#2694,#2702,#2709,#2710));
#2694 = ORIENTED_EDGE('',*,*,#2695,.T.);
#2695 = EDGE_CURVE('',#1795,#2696,#2698,.T.);
#2696 = VERTEX_POINT('',#2697);
#2697 = CARTESIAN_POINT('',(55.992447,4.157233,3.356858));
#2698 = LINE('',#2699,#2700);
#2699 = CARTESIAN_POINT('',(59.992447,4.157233,3.356858));
#2700 = VECTOR('',#2701,1.);
#2701 = DIRECTION('',(-1.,-0.,-0.));
#2702 = ORIENTED_EDGE('',*,*,#2703,.T.);
#2703 = EDGE_CURVE('',#2696,#2696,#2704,.T.);
#2704 = CIRCLE('',#2705,0.889657);
#2705 = AXIS2_PLACEMENT_3D('',#2706,#2707,#2708);
#2706 = CARTESIAN_POINT('',(55.992447,3.267576,3.356858));
#2707 = DIRECTION('',(1.,0.,0.));
#2708 = DIRECTION('',(0.,1.,0.));
#2709 = ORIENTED_EDGE('',*,*,#2695,.F.);
#2710 = ORIENTED_EDGE('',*,*,#1794,.F.);
#2711 = CYLINDRICAL_SURFACE('',#2712,0.889657);
#2712 = AXIS2_PLACEMENT_3D('',#2713,#2714,#2715);
#2713 = CARTESIAN_POINT('',(59.992447,3.267576,3.356858));
#2714 = DIRECTION('',(1.,0.,0.));
#2715 = DIRECTION('',(0.,1.,0.));
#2716 = ADVANCED_FACE('',(#2717),#2723,.T.);
#2717 = FACE_BOUND('',#2718,.T.);
#2718 = EDGE_LOOP('',(#2719,#2720,#2721,#2722));
#2719 = ORIENTED_EDGE('',*,*,#1860,.T.);
#2720 = ORIENTED_EDGE('',*,*,#1908,.T.);
#2721 = ORIENTED_EDGE('',*,*,#1932,.T.);
#2722 = ORIENTED_EDGE('',*,*,#1891,.T.);
#2723 = PLANE('',#2724);
#2724 = AXIS2_PLACEMENT_3D('',#2725,#2726,#2727);
#2725 = CARTESIAN_POINT('',(24.081168875254,12.5,3.60001));
#2726 = DIRECTION('',(0.,1.,-3.E-16));
#2727 = DIRECTION('',(0.,3.E-16,1.));
#2728 = ADVANCED_FACE('',(#2729),#2748,.F.);
#2729 = FACE_BOUND('',#2730,.F.);
#2730 = EDGE_LOOP('',(#2731,#2739,#2746,#2747));
#2731 = ORIENTED_EDGE('',*,*,#2732,.T.);
#2732 = EDGE_CURVE('',#2283,#2733,#2735,.T.);
#2733 = VERTEX_POINT('',#2734);
#2734 = CARTESIAN_POINT('',(55.903496,77.593881,3.304692));
#2735 = LINE('',#2736,#2737);
#2736 = CARTESIAN_POINT('',(59.903496,77.593881,3.304692));
#2737 = VECTOR('',#2738,1.);
#2738 = DIRECTION('',(-1.,-0.,-0.));
#2739 = ORIENTED_EDGE('',*,*,#2740,.T.);
#2740 = EDGE_CURVE('',#2733,#2733,#2741,.T.);
#2741 = CIRCLE('',#2742,0.895984);
#2742 = AXIS2_PLACEMENT_3D('',#2743,#2744,#2745);
#2743 = CARTESIAN_POINT('',(55.903496,76.697897,3.304692));
#2744 = DIRECTION('',(1.,0.,0.));
#2745 = DIRECTION('',(0.,1.,0.));
#2746 = ORIENTED_EDGE('',*,*,#2732,.F.);
#2747 = ORIENTED_EDGE('',*,*,#2282,.F.);
#2748 = CYLINDRICAL_SURFACE('',#2749,0.895984);
#2749 = AXIS2_PLACEMENT_3D('',#2750,#2751,#2752);
#2750 = CARTESIAN_POINT('',(59.903496,76.697897,3.304692));
#2751 = DIRECTION('',(1.,0.,0.));
#2752 = DIRECTION('',(0.,1.,0.));
#2753 = ADVANCED_FACE('',(#2754,#2760),#2771,.T.);
#2754 = FACE_BOUND('',#2755,.T.);
#2755 = EDGE_LOOP('',(#2756,#2757,#2758,#2759));
#2756 = ORIENTED_EDGE('',*,*,#2546,.T.);
#2757 = ORIENTED_EDGE('',*,*,#2618,.T.);
#2758 = ORIENTED_EDGE('',*,*,#2601,.T.);
#2759 = ORIENTED_EDGE('',*,*,#2577,.T.);
#2760 = FACE_BOUND('',#2761,.T.);
#2761 = EDGE_LOOP('',(#2762));
#2762 = ORIENTED_EDGE('',*,*,#2763,.F.);
#2763 = EDGE_CURVE('',#2764,#2764,#2766,.T.);
#2764 = VERTEX_POINT('',#2765);
#2765 = CARTESIAN_POINT('',(59.9,77.418349,82.569705));
#2766 = CIRCLE('',#2767,0.891443);
#2767 = AXIS2_PLACEMENT_3D('',#2768,#2769,#2770);
#2768 = CARTESIAN_POINT('',(59.9,76.526906,82.569705));
#2769 = DIRECTION('',(1.,0.,0.));
#2770 = DIRECTION('',(0.,1.,0.));
#2771 = PLANE('',#2772);
#2772 = AXIS2_PLACEMENT_3D('',#2773,#2774,#2775);
#2773 = CARTESIAN_POINT('',(59.9,76.55173,82.514224));
#2774 = DIRECTION('',(1.,0.,0.));
#2775 = DIRECTION('',(0.,0.,1.));
#2776 = ADVANCED_FACE('',(#2777),#2780,.T.);
#2777 = FACE_BOUND('',#2778,.T.);
#2778 = EDGE_LOOP('',(#2779));
#2779 = ORIENTED_EDGE('',*,*,#2666,.T.);
#2780 = PLANE('',#2781);
#2781 = AXIS2_PLACEMENT_3D('',#2782,#2783,#2784);
#2782 = CARTESIAN_POINT('',(54.9,3.233115,82.718443));
#2783 = DIRECTION('',(1.,0.,0.));
#2784 = DIRECTION('',(0.,0.,1.));
#2785 = ADVANCED_FACE('',(#2786),#2789,.T.);
#2786 = FACE_BOUND('',#2787,.T.);
#2787 = EDGE_LOOP('',(#2788));
#2788 = ORIENTED_EDGE('',*,*,#2703,.T.);
#2789 = PLANE('',#2790);
#2790 = AXIS2_PLACEMENT_3D('',#2791,#2792,#2793);
#2791 = CARTESIAN_POINT('',(55.992447,3.267576,3.356858));
#2792 = DIRECTION('',(1.,0.,0.));
#2793 = DIRECTION('',(0.,0.,1.));
#2794 = ADVANCED_FACE('',(#2795),#2798,.T.);
#2795 = FACE_BOUND('',#2796,.T.);
#2796 = EDGE_LOOP('',(#2797));
#2797 = ORIENTED_EDGE('',*,*,#2740,.T.);
#2798 = PLANE('',#2799);
#2799 = AXIS2_PLACEMENT_3D('',#2800,#2801,#2802);
#2800 = CARTESIAN_POINT('',(55.903496,76.697897,3.304692));
#2801 = DIRECTION('',(1.,0.,0.));
#2802 = DIRECTION('',(0.,0.,1.));
#2803 = ADVANCED_FACE('',(#2804),#2823,.F.);
#2804 = FACE_BOUND('',#2805,.F.);
#2805 = EDGE_LOOP('',(#2806,#2814,#2821,#2822));
#2806 = ORIENTED_EDGE('',*,*,#2807,.T.);
#2807 = EDGE_CURVE('',#2764,#2808,#2810,.T.);
#2808 = VERTEX_POINT('',#2809);
#2809 = CARTESIAN_POINT('',(54.9,77.418349,82.569705));
#2810 = LINE('',#2811,#2812);
#2811 = CARTESIAN_POINT('',(59.9,77.418349,82.569705));
#2812 = VECTOR('',#2813,1.);
#2813 = DIRECTION('',(-1.,-0.,-0.));
#2814 = ORIENTED_EDGE('',*,*,#2815,.T.);
#2815 = EDGE_CURVE('',#2808,#2808,#2816,.T.);
#2816 = CIRCLE('',#2817,0.891443);
#2817 = AXIS2_PLACEMENT_3D('',#2818,#2819,#2820);
#2818 = CARTESIAN_POINT('',(54.9,76.526906,82.569705));
#2819 = DIRECTION('',(1.,0.,0.));
#2820 = DIRECTION('',(0.,1.,0.));
#2821 = ORIENTED_EDGE('',*,*,#2807,.F.);
#2822 = ORIENTED_EDGE('',*,*,#2763,.F.);
#2823 = CYLINDRICAL_SURFACE('',#2824,0.891443);
#2824 = AXIS2_PLACEMENT_3D('',#2825,#2826,#2827);
#2825 = CARTESIAN_POINT('',(59.9,76.526906,82.569705));
#2826 = DIRECTION('',(1.,0.,0.));
#2827 = DIRECTION('',(0.,1.,0.));
#2828 = ADVANCED_FACE('',(#2829),#2832,.T.);
#2829 = FACE_BOUND('',#2830,.T.);
#2830 = EDGE_LOOP('',(#2831));
#2831 = ORIENTED_EDGE('',*,*,#2815,.T.);
#2832 = PLANE('',#2833);
#2833 = AXIS2_PLACEMENT_3D('',#2834,#2835,#2836);
#2834 = CARTESIAN_POINT('',(54.9,76.526906,82.569705));
#2835 = DIRECTION('',(1.,0.,0.));
#2836 = DIRECTION('',(0.,0.,1.));
#2837 = ( GEOMETRIC_REPRESENTATION_CONTEXT(3) 
GLOBAL_UNCERTAINTY_ASSIGNED_CONTEXT((#2841)) 
GLOBAL_UNIT_ASSIGNED_CONTEXT((#2838,#2839,#2840)) REPRESENTATION_CONTEXT
('Context #1','3D Context with UNIT and UNCERTAINTY') );
#2838 = ( LENGTH_UNIT() NAMED_UNIT(*) SI_UNIT(.MILLI.,.METRE.) );
#2839 = ( NAMED_UNIT(*) PLANE_ANGLE_UNIT() SI_UNIT($,.RADIAN.) );
#2840 = ( NAMED_UNIT(*) SI_UNIT($,.STERADIAN.) SOLID_ANGLE_UNIT() );
#2841 = UNCERTAINTY_MEASURE_WITH_UNIT(LENGTH_MEASURE(2.E-05),#2838,
  'distance_accuracy_value','confusion accuracy');
#2842 = PRODUCT_RELATED_PRODUCT_CATEGORY('part',$,(#7));
#2843 = MECHANICAL_DESIGN_GEOMETRIC_PRESENTATION_REPRESENTATION('',(
    #2844),#2837);
#2844 = STYLED_ITEM('color',(#2845),#15);
#2845 = PRESENTATION_STYLE_ASSIGNMENT((#2846,#2852));
#2846 = SURFACE_STYLE_USAGE(.BOTH.,#2847);
#2847 = SURFACE_SIDE_STYLE('',(#2848));
#2848 = SURFACE_STYLE_FILL_AREA(#2849);
#2849 = FILL_AREA_STYLE('',(#2850));
#2850 = FILL_AREA_STYLE_COLOUR('',#2851);
#2851 = COLOUR_RGB('',0.447058818107,0.474509808674,0.501960817233);
#2852 = CURVE_STYLE('',#2853,POSITIVE_LENGTH_MEASURE(0.1),#2854);
#2853 = DRAUGHTING_PRE_DEFINED_CURVE_FONT('continuous');
#2854 = COLOUR_RGB('',9.803921802644E-02,9.803921802644E-02,
  9.803921802644E-02);
ENDSEC;
END-ISO-10303-21;
